asin,title,brand,parent_asin,category_tree,product_group,size,color,model,variation_count,sales_rank_current,sales_rank_avg30,sales_rank_avg90,sales_rank_avg180,sales_rank_drops30,sales_rank_drops90,sales_rank_drops180,sales_rank_drops365,new_price_current,new_price_avg30,bb_price,competitive_price_threshold,bb_is_amazon,bb_is_fba,our_bb_pct,n_unique_bb_sellers,total_offer_count,monthly_sold_badge,monthly_sold_delta90,monthly_sold_last3,review_count,rating,oos_amazon_30,oos_amazon_90,sr_history_points,sr_min,sr_max,sr_median,listed_since_keepa_min,data_pulled_at
B0036DUP6C,"Nike Women's Victory Compression Sports Bra, Dri-FIT Sports Bra for Women with Racerback Design, Carbon Heather/Black, Large",Nike,B078KFFTJZ,"Clothing, Shoes & Jewelry > Women > Clothing > Lingerie, Sleep & Lounge > Lingerie > Bras > Sports Bras",Sports,Large,Carbon Heather/Black,375833,118,9841,14580,20837,20837,18,46,106,281,45.0,43.7,,29.95,False,False,2.1,67,1,,99,50|100|50,5886,4.4,1,1,8730,379,100181,14907,168518,2026-03-08
B0036DYUV8,"Nike Women's Victory Compression Sports Bra, Dri-FIT Sports Bra for Women with Racerback Design, Carbon Heather/Black, Small",Nike,B078KFFTJZ,"Clothing, Shoes & Jewelry > Women > Clothing > Lingerie, Sleep & Lounge > Lingerie > Bras > Sports Bras",Sports,Small,Carbon Heather/Black,375833,118,9841,14969,20927,20927,19,45,105,258,39.69,36.43,39.69,,False,True,7.0,108,4,,99,50|100|50,5886,4.4,1,1,9603,379,118655,14941,168518,2026-03-08
B0036DYUZO,"Nike Women's Victory Compression Sports Bra, White/Black, Small",Nike,B078KFFTJZ,"Clothing, Shoes & Jewelry > Women > Clothing > Lingerie, Sleep & Lounge > Lingerie > Bras > Sports Bras",Sports,Small,White/Black,375833,118,9841,14922,20912,20912,19,45,104,278,36.0,32.69,36.0,,False,True,1.9,85,4,100,-37,100|50|100,5886,4.4,1,1,10076,363,117803,14751,168518,2026-03-08
B003CGV788,"Nike Academy Over-The-Calf Soccer Socks, Black/White, Medium",Nike,B072BVQDY6,"Clothing, Shoes & Jewelry > Men > Clothing > Active > Athletic Socks > Crew Socks",Apparel,Medium,Black/White,SX4120,38,8692,10637,15016,15016,31,62,215,464,16.88,17.45,16.88,16.88,False,True,1.8,270,13,400,-95,200|300|400,9941,4.6,1,1,11001,115,520168,10686,1824058,2026-03-08
B003CH2LYG,"Nike Academy Over-The-Calf Soccer Socks, Black/White, Large",Nike,B072BVQDY6,"Clothing, Shoes & Jewelry > Men",Apparel,Large,Black/White,SX4120,38,8693,10585,15037,15037,20,48,175,477,16.36,16.69,15.89,15.89,False,True,3.6,250,14,300,17,300|200|300,9941,4.6,1,2,12334,111,504464,9141,1225250,2026-03-08
B003CH2QFU,"Nike Academy Over-The-Calf Soccer Socks, White/Black, Large",Nike,B072BVQDY6,"Clothing, Shoes & Jewelry > Men > Clothing > Active > Athletic Socks",Apparel,Large,White/Black,SX4120,38,8691,10631,15022,15022,28,59,181,463,17.93,18.08,18.43,20.98,False,True,2.8,232,8,200,-1,200|100|200,9941,4.6,1,1,12607,111,82754,8780,1225250,2026-03-08
B0059CIMR2,"Nike Girls Performance Game Shorts Youth (X-Small, Black)",Nike,B07RFTLNW5,"Clothing, Shoes & Jewelry > Girls > Clothing > Active > Active Shorts",Apparel,X-Small,Black,836323,22,34261,30083,26799,26799,11,35,71,207,25.0,27.38,25.03,36.99,False,True,3.9,40,14,100,-1,100|50|100,1613,4.3,1,1,7518,3226,1373691,31395,3228720,2026-03-08
B0059CIMV8,"Nike Girls Performance Game Shorts Youth (Small, Black)",Nike,B07RFTLNW5,"Clothing, Shoes & Jewelry > Girls > Clothing > Active > Active Shorts",Apparel,Small,Black,836323,22,34262,30197,26848,26848,11,35,72,230,28.62,28.17,29.0,36.99,False,True,3.6,77,15,,99,200|100|200,1613,4.3,1,1,9078,3433,795254,31301,3228720,2026-03-08
B007HQIAL6,"NIKE Unisex Performance Cushion Quarter Socks with Band (6 Pairs), White/Black, Large",Nike,B0C47JC9TQ,Sports & Outdoors > Exercise & Fitness > Clothing,Apparel,Large,White/Black,SX5178,2,5394,4781,3322,3322,56,142,166,516,25.5,24.74,26.01,,False,True,1.1,236,19,800,49,800|900|800,3043,4.7,1,1,15661,298,283165,6447,2796368,2026-03-08
B007OY499S,"Nike Men's Legend Short Sleeve Tee, Black, M",Nike,B0096E59S4,"Clothing, Shoes & Jewelry > Men > Clothing > Active > Active Shirts & Tees > T-Shirts",Apparel,Medium,Black,10038440700-0,40,59222,67119,58766,58766,15,58,115,270,25.71,24.1,26.2,23.99,False,True,1.9,185,7,,99,50|100|50,6846,4.5,1,2,18918,67,414331,1327,-2138400,2026-03-08
B007OY4HGI,"Nike Men's Legend Short Sleeve Tee, Royal, L",Nike,,"Clothing, Shoes & Jewelry > Men > Clothing > Active > Active Shirts & Tees > T-Shirts",Apparel,Large,Royal,10038440764-0,0,396371,717264,433414,433414,18,54,123,338,26.94,21.47,26.94,28.99,False,True,3.8,57,5,,99,100|50|50,428,4.6,1,1,10326,67,1196858,3484,-2138400,2026-03-08
B007OY4I3U,"Nike Men's Legend Short Sleeve Tee, Royal, XL",Nike,B0096E59S4,"Clothing, Shoes & Jewelry > Men > Clothing > Active > Active Shirts & Tees > T-Shirts",Apparel,X-Large,Royal,10038440764-0,40,59221,63857,57890,57890,18,56,135,497,27.95,28.15,27.95,,False,True,3.3,46,3,50,-2,50|50|50,6846,4.5,4,4,11777,72,805207,2296,-2138400,2026-03-08
B00EE1EAW0,Nike Club Swoosh Men's Fleece Sweatpants Pants Classic Fit Gray Sz L,Nike,B08RXPGQ5H,"Clothing, Shoes & Jewelry > Men > Clothing > Active > Active Pants > Sweatpants",Apparel,Large,Heather Grey/White,598436-063_L,29,28417,28468,14157,14157,23,101,202,324,59.99,60.05,59.99,,False,True,7.3,55,1,50,88,200|100|50,3069,4.2,1,1,7175,469,936581,22038,1368358,2026-03-08
B00EE1EBCY,Nike Mens Club Swoosh SweatPants Dark Grey/White 611458-063 Size Medium,Nike,B08RXPGQ5H,"Clothing, Shoes & Jewelry > Men > Clothing > Active > Active Pants > Sweatpants",Apparel,Medium,Heather Grey/White,611458-063,29,28418,29132,14391,14391,22,134,270,353,59.99,60.12,59.99,,False,True,5.0,45,1,,0,100|200|300,3069,4.2,1,1,5919,469,1071061,26399,1476502,2026-03-08
B00EE1EDC2,"Nike Club Swoosh Men's Fleece Sweatpants Pants Classic Fit, Large - Navy/White",Nike,B08RXPGQ5H,"Clothing, Shoes & Jewelry > Men > Clothing > Active > Active Pants > Sweatpants",Apparel,Large,Navy Blue/White,Club Oh Pant-Swoosh,29,28418,29209,14406,14406,27,146,272,383,59.99,60.6,59.99,,False,True,7.6,39,3,,0,50|100|50,3069,4.2,1,1,10341,456,1152047,14077,1368358,2026-03-08
B00EE1EDL8,"Nike Club Swoosh Men's Fleece Sweatpants Pants Classic Fit, Medium - Navy Blue/White",Nike,B08RXPGQ5H,"Clothing, Shoes & Jewelry > Men > Clothing > Active > Active Pants > Sweatpants",Apparel,Medium,Navy Blue/White,Club Oh Pant-Swoosh,29,28418,29176,14394,14394,24,145,274,393,57.0,59.74,59.99,,False,True,8.2,38,2,,0,50|50|100,3069,4.2,3,5,7520,476,1227368,28407,1368358,2026-03-08
B00EP9E238,"Nike Club Swoosh Men's Fleece Sweatpants Pants Classic Fit, Large - Black/White",Nike,B08RXPGQ5H,"Clothing, Shoes & Jewelry > Men > Clothing > Active > Active Pants > Sweatpants",Apparel,Large,Black,611458,29,28418,28896,14303,14303,20,127,276,396,59.99,61.29,,49.99,False,False,4.2,595,1,,0,200|300|400,3069,4.2,1,1,15655,456,157887,19359,1388512,2026-03-08
B00EP9E3EG,"Nike Club Swoosh Men's Fleece Sweatpants Pants Classic Fit, Medium - Black/White",Nike,B08RXPGQ5H,"Clothing, Shoes & Jewelry > Men > Clothing > Active > Active Pants > Sweatpants",Apparel,Medium,Black,598436-010_M,29,28418,29254,14412,14412,21,85,185,286,,59.99,,,,,5.4,593,0,,0,300|400|500,3065,4.2,1,1,14081,456,157887,18717,1388512,2026-03-08
B00IVU68LQ,"Nike Club Swoosh Men's Fleece Sweatpants Pants Classic Fit, Medium - Anthracite",Nike,B08RXPGQ5H,"Clothing, Shoes & Jewelry > Men > Clothing > Active > Active Pants > Sweatpants",Apparel,Medium,Anthracite,00-DY9A5E-39,29,28418,28272,14102,14102,21,122,214,261,59.99,59.99,59.99,,False,True,7.2,13,1,,99,50|200|100,3069,4.2,1,1,2074,486,4857264,20398,1674698,2026-03-08
B00K6OY5WY,"Nike Academy Over-The-Calf Soccer Socks, White/Black, Medium",Nike,B072BVQDY6,"Clothing, Shoes & Jewelry > Men",Apparel,Medium,White/Black,SX4120,38,8691,10706,15009,15009,21,47,159,398,17.48,17.27,19.5,,False,True,2.7,158,10,400,-53,200|300|400,9941,4.6,1,1,11159,111,1691839,11316,1225250,2026-03-08
B01A67U4SY,"Women's Nike Swoosh Sports Bra, Sports Bra for Women with Compression & Medium Support, Carbon Heather/Anthracite/Black, M",Nike,B08SH8H5CL,"Clothing, Shoes & Jewelry > Women > Clothing > Lingerie, Sleep & Lounge > Lingerie > Bras > Sports Bras",Sports,Medium,Carbon Heather/Anthracite/Black,842398-092,42,22951,28747,21525,21525,23,50,108,299,32.35,33.01,32.99,,False,True,3.6,98,5,,0,100|200|100,3080,4.4,1,1,11781,3,571612,17264,3049652,2026-03-08
B01KIRNTB6,"Nike Beanies Pro Hyperwarm Hood - Black/White, Black, F/S",Nike,B0DGQTB2KR,"Clothing, Shoes & Jewelry > Women > Accessories > Hats & Caps",Apparel,One Size,Black,NHK63058OS,2,14662,6667,6198,6198,40,147,302,627,20.81,22.24,20.81,18.99,False,False,0.4,302,31,2000,33,2000|3000|2000,2517,4.7,1,11,14904,959,656389,27801,3057048,2026-03-08
B07GP3H1CT,"Nike Mens Dri-FIT Short Sleeve Polo Shirt (Medium, Red)",Nike,B07GKWB3V2,"Clothing, Shoes & Jewelry > Men > Clothing > Active > Active Shirts & Tees > Polos",Apparel,Medium,Red,CI4470,102,2326,3400,5474,5474,30,130,328,686,39.9,41.13,39.9,,False,True,5.5,138,9,,99,50|100|50,7249,4.6,1,1,8209,433,554935,4688,4009380,2026-03-08
B07GP3HXTT,"Nike Mens Dri-FIT Short Sleeve Polo Shirt (X-Large, Black)",Nike,B07GKWB3V2,"Clothing, Shoes & Jewelry > Men > Clothing > Active > Active Shirts & Tees > Polos",Apparel,X-Large,Black,CI4470,102,2325,3528,5485,5485,34,145,341,626,37.88,37.92,41.99,,False,True,4.0,171,9,300,7,100|200|300,7249,4.6,1,1,10840,457,549108,4920,4009380,2026-03-08
B07GP4NP86,"Nike Mens Dri-FIT Short Sleeve Polo Shirt (Large, Black)",Nike,B07GKWB3V2,"Clothing, Shoes & Jewelry > Men > Clothing > Active > Active Shirts & Tees > Polos",Apparel,Large,Black,CI4470,102,2326,3365,11603,11603,41,148,409,899,38.0,38.0,38.0,,False,False,3.2,218,10,400,-4,400|300|400,7249,4.6,1,1,12964,433,520592,4626,4009380,2026-03-08
B07GP4P8RS,"Nike Mens Dri-FIT Short Sleeve Polo Shirt (X-Large, Red)",Nike,B07GKWB3V2,"Clothing, Shoes & Jewelry > Men > Clothing > Active > Active Shirts & Tees > Polos",Apparel,X-Large,Red,CI4470,102,2326,3435,5492,5492,31,133,330,702,38.0,38.01,38.0,,False,True,4.0,139,11,100,-5,100|50|100,7249,4.6,1,1,9044,457,557898,4663,4009380,2026-03-08
B07GP4Q8Z5,"Nike Mens Dri-FIT Short Sleeve Polo Shirt (Medium, Black)",Nike,B07GKWB3V2,"Clothing, Shoes & Jewelry > Men > Clothing > Active > Active Shirts & Tees > Polos",Apparel,Medium,Black,CI4470,102,2326,3370,9759,9759,41,148,378,831,38.85,38.14,38.99,50.99,False,True,3.9,142,11,300,1,100|200|300,7249,4.6,1,1,10578,457,516079,4693,4009380,2026-03-08
B07GP4RMBS,"Nike Mens Dri-FIT Short Sleeve Polo Shirt (X-Large, Royal)",Nike,B07GKWB3V2,"Clothing, Shoes & Jewelry > Men > Clothing > Active > Active Shirts & Tees > Polos",Apparel,X-Large,Royal,CI4470,102,2325,3404,5471,5471,29,122,324,686,38.95,38.95,41.99,,False,True,2.1,126,6,100,-39,100|50|100,7249,4.6,1,1,8194,457,547610,4594,4009380,2026-03-08
B07GP51K96,"Nike Mens Dri-FIT Short Sleeve Polo Shirt (White, Large)",Nike,B08XVRQQTY,"Clothing, Shoes & Jewelry > Men > Clothing > Active > Active Shirts & Tees > Polos",Apparel,Large,White,CI4470,72,48578,53202,53870,53870,12,40,104,317,36.67,36.69,36.82,49.99,False,True,2.3,207,12,,99,100|50|50,692,4.6,1,1,8026,433,553550,5825,4009380,2026-03-08
B07GP57H1W,"Nike Mens Dri-FIT Short Sleeve Polo Shirt (Large, Red), Red, Size Large",Nike,B07GKWB3V2,"Clothing, Shoes & Jewelry > Men > Clothing > Active > Active Shirts & Tees > Polos",Apparel,Large,Red,CI4470,102,2325,3646,5549,5549,32,131,335,715,41.99,40.66,41.99,,False,True,3.6,104,9,100,-9,100|50|100,7249,4.6,1,1,8115,457,553550,4545,4009380,2026-03-08
B07GP5QGCJ,"Nike Mens Dri-FIT Short Sleeve Polo Shirt (X-Large, Green)",Nike,B07GKWB3V2,"Clothing, Shoes & Jewelry > Men > Clothing > Active > Active Shirts & Tees > Polos",Apparel,X-Large,Green,CI4470,102,2326,3390,5456,5456,36,130,311,654,41.98,43.7,41.97,,False,True,4.7,82,5,50,29,100|50|50,7244,4.6,1,1,7136,433,1411355,4098,4009380,2026-03-08
B07GP5VB7G,"Nike Mens Dri-FIT Short Sleeve Polo Shirt (XX-Large, Black)",Nike,B07GKWB3V2,"Clothing, Shoes & Jewelry > Men > Clothing > Active > Active Shirts & Tees > Polos",Apparel,XX-Large,Black,CI4470,102,2326,3624,5520,5520,26,126,349,742,40.0,34.87,,38.89,False,True,3.4,152,6,200,-19,200|100|200,7249,4.6,1,1,8914,433,679774,4353,4009380,2026-03-08
B07GP6CKLT,"Nike Mens Dri-FIT Short Sleeve Polo Shirt (X-Large, Navy)",Nike,B07GKWB3V2,"Clothing, Shoes & Jewelry > Men > Clothing > Active > Active Shirts & Tees > Polos",Apparel,X-Large,Navy,908414-419,102,2325,3653,5553,5553,30,130,353,604,41.99,43.25,41.99,,False,True,3.7,116,8,100,-23,100|50|100,7244,4.6,1,1,8376,433,566873,4559,4009380,2026-03-08
B07GP6GZSG,"Nike Mens Dri-FIT Short Sleeve Polo Shirt (Medium, Maroon)",Nike,B07GKWB3V2,"Clothing, Shoes & Jewelry > Men > Clothing > Active > Active Shirts & Tees > Polos",Apparel,Medium,Team Maroon,CI4470,102,2326,3655,5565,5565,30,124,320,708,41.94,43.33,41.94,,False,True,3.8,95,10,,99,50|100|50,7249,4.6,1,1,7841,433,549108,4450,4009380,2026-03-08
B07GP6PWBS,"Nike Mens Dri-FIT Short Sleeve Polo Shirt (Large, Royal)",Nike,B07GKWB3V2,"Clothing, Shoes & Jewelry > Men > Clothing > Active > Active Shirts & Tees > Polos",Apparel,Large,Royal,CI4470,102,2325,3403,5492,5492,32,140,330,672,33.95,33.95,38.0,,False,True,5.3,145,5,100,8,100|50|100,7244,4.6,1,1,8163,433,569279,4073,4009380,2026-03-08
B07GRDY3LG,"Nike Mens Dri-FIT Short Sleeve Polo Shirt (X-Large, Sky Blue)",Nike,B07GKWB3V2,"Clothing, Shoes & Jewelry > Men > Clothing > Active > Active Shirts & Tees > Polos",Apparel,X-Large,Sky Blue,CI4470,102,2325,3650,5519,5519,32,126,328,668,41.99,41.31,41.99,,False,True,3.6,135,6,50,41,100|50|50,7249,4.6,1,1,8080,433,554935,4366,4009380,2026-03-08
B07MGBZYBH,"NIKE Plus Cushion Socks (6-Pair) (M (Men's 6-8 / Women's 6-10), Ankle(Quarter) Black)",Nike,,"Clothing, Shoes & Jewelry > Women > Clothing > Active",Apparel,Medium,Black/White,,0,35653,48812,58762,58762,17,62,158,719,27.1,25.66,27.1,28.0,False,True,2.1,290,5,1000,-55,1000|900|1000,825,4.6,1,1,10383,224,705735,10520,4224000,2026-03-08
B07NDJV6GZ,"Nike Girls Performance Game Shorts Youth (Medium, Black)",Nike,B07RFTLNW5,"Clothing, Shoes & Jewelry > Girls > Clothing > Active > Active Shorts",Apparel,Medium,Black,836323,22,34262,30137,26837,26837,11,35,73,243,31.99,29.23,31.99,36.99,False,True,3.2,100,13,300,6,300|200|300,1613,4.3,1,1,9687,3167,2364046,31114,4339560,2026-03-08
B07RX8Q1D4,"Nike Men's Nike Dri-fit Victory Polo, Black/White, X-Large",Nike,,"Clothing, Shoes & Jewelry > Men > Clothing > Active > Active Shirts & Tees > Polos",Apparel,X-Large,Black/White,BV0354,0,1129819,1101274,1111597,1111597,20,67,142,309,43.7,43.53,43.7,44.99,False,True,5.8,246,4,,0,50|100|50,120,4.6,1,1,9029,4709,2422219,25043,4824150,2026-03-08
B07RYBFRM1,"Nike Men's Nike Dri-fit Victory Polo, Black/White, Large",Nike,B07S2GWVH8,"Clothing, Shoes & Jewelry > Men > Clothing > Active > Active Shirts & Tees > Polos",Apparel,Large,Black/White,BV0354,74,68947,51385,55681,55681,9,41,76,265,43.97,42.1,,32.8,False,False,6.4,308,3,,0,100|50|50,621,4.5,8,8,10474,4709,2422219,27979,4824150,2026-03-08
B07S2GY2VX,"Nike Men's Nike Dri-fit Victory Polo, Black/White, Medium",Nike,B07S2GWVH8,"Clothing, Shoes & Jewelry > Men > Clothing > Active > Active Shirts & Tees > Polos",Apparel,Medium,Black/White,BV0354,74,68946,51407,55542,55542,10,45,79,269,36.1,36.08,,32.8,False,False,9.8,210,13,,0,50|100|50,621,4.5,5,5,9004,4709,2422219,31312,4824150,2026-03-08
B07W4SXJWJ,Nike Park III Shorts Navy Medium,Nike,B08M4GQ78V,"Clothing, Shoes & Jewelry > Men > Clothing > Active > Active Shorts",Apparel,Medium,Navy,BV6855-410,67,3893,7969,12127,12127,60,120,261,742,23.36,24.01,,20.0,False,False,31.2,11,5,,0,50|100|50,8843,4.2,1,1,2245,2528,3060606,10058,7265946,2026-03-08
B087LR137V,Nike Park III Shorts Navy XL,Nike,B08M4GQ78V,"Clothing, Shoes & Jewelry > Men > Clothing > Active > Active Shorts",Apparel,X-Large,Navy/White,BV6857,67,3893,7966,12188,12188,65,119,282,938,25.0,20.93,25.0,36.01,False,True,5.2,68,9,,0,200|100|50,8843,4.2,1,1,7272,530,1098581,3872,4897428,2026-03-08
B087LTC1XS,Nike Men's Soccer Park III Shorts (Medium) Black,Nike,B08M4GQ78V,"Clothing, Shoes & Jewelry > Men > Clothing > Active > Active Shorts",Apparel,Medium,Black,BV6855,67,3891,7950,12158,12158,73,132,299,857,19.2,18.8,19.99,23.81,False,True,5.8,149,14,700,-61,700|600|700,8843,4.2,1,1,8734,544,561492,3879,4897428,2026-03-08
B087LVL4BB,Nike Park III Shorts Royal S,Nike,,"Clothing, Shoes & Jewelry > Men > Clothing > Active > Active Shorts",Apparel,Small,Royal,BV6855,0,1196828,1193104,1063137,1063137,14,55,170,546,27.0,27.22,,22.96,False,False,7.1,47,3,,0,50|100|50,66,4.0,1,1,5744,530,2790303,3872,4897428,2026-03-08
B087LW8TKN,Nike Park III Shorts Royal L,Nike,B08M4GQ78V,"Clothing, Shoes & Jewelry > Men > Clothing > Active > Active Shorts",Apparel,Large,Royal,BV6855,67,3893,7949,12177,12177,69,121,272,904,27.0,24.47,,23.81,False,False,6.4,66,5,,0,50|100|50,8846,4.2,1,1,7137,530,1997976,3978,4897428,2026-03-08
B087LWNKFB,Nike Men's Soccer Park III Shorts (Small) Black,Nike,B08M4GQ78V,"Clothing, Shoes & Jewelry > Men > Clothing > Active > Active Shorts",Apparel,Small,Black,BV6857,67,3893,8101,12215,12215,31,80,225,845,22.0,22.36,22.0,22.96,False,True,4.3,137,11,400,-27,50|300|400,8846,4.2,1,1,7738,541,292799,3514,4897428,2026-03-08
B087LZR1BM,"Nike Men's Soccer Park III Shorts (Red, Large)",Nike,B08M4GQ78V,"Clothing, Shoes & Jewelry > Men > Clothing > Active > Active Shorts",Apparel,Large,Red,BV6855,67,3893,7958,12893,12893,51,110,260,795,28.96,27.56,29.96,,False,True,4.7,59,6,,0,50|100|50,8846,4.2,1,1,8529,530,2291830,3678,4897428,2026-03-08
B087M3MJ1L,Nike Men's Soccer Park III Shorts (Large) Black,Nike,B08M4GQ78V,"Clothing, Shoes & Jewelry > Men > Clothing > Active > Active Shorts",Apparel,Large,Black,BV6855,67,3891,7973,12222,12222,52,107,254,642,24.0,23.52,24.0,,False,True,5.3,147,11,300,-4,200|200|300,8846,4.2,1,1,9932,544,802085,3836,4897428,2026-03-08
B087M3RDVK,Nike Men's Soccer Park III Shorts (X-Large) Black,Nike,B08M4GQ78V,"Clothing, Shoes & Jewelry > Men > Clothing > Active > Active Shorts",Apparel,X-Large,Black,BV6857,67,3893,7973,12160,12160,51,107,282,798,17.99,18.74,18.99,22.96,False,True,4.4,117,15,,0,100|200|100,8846,4.2,1,1,7629,544,808331,3893,4897428,2026-03-08
B088XWQ8TH,Nike Womens Park III Shorts Black M,Nike,B08ZJ26P1P,"Clothing, Shoes & Jewelry > Women > Clothing > Active > Active Shorts",Apparel,Medium,Black,BV6862,62,21334,26352,31330,31330,12,43,88,272,25.96,24.09,25.96,44.99,False,True,2.7,135,11,200,6,200|100|200,1386,4.4,1,1,7819,3764,1163274,28626,4936092,2026-03-08
B088Y3W864,"Nike Women's Soccer Dri-FIT Park III Shorts (Black, Small)",Nike,B08ZJ26P1P,"Clothing, Shoes & Jewelry > Women > Clothing > Active > Active Shorts",Apparel,Small,Black,BV6862,62,21334,26500,31415,31415,14,45,89,270,26.37,25.35,26.37,44.99,False,True,3.6,108,4,100,21,300|200|100,1386,4.4,1,1,7425,3472,1183041,28370,4936092,2026-03-08
B089VF7L7J,Nike Women's Hoodie Dark Grey nkCJ1789 010 (Medium),Nike,B0CL5H6S5W,"Clothing, Shoes & Jewelry > Women > Clothing > Active > Active Hoodies",Apparel,Medium,Black,CJ1789,80,9516,10178,6731,6731,66,210,497,702,49.79,47.67,49.79,,False,True,3.2,53,15,100,78,300|200|100,6033,4.5,1,1,8784,577,935146,8253,4961220,2026-03-08
B089VH8H6Q,Nike Club Fleece Pullover Hoodie With Custom Screenprint,Nike,B0GFGTDH8M,"Clothing, Shoes & Jewelry > Men > Clothing > Active > Active Hoodies",Apparel,Large,Black,CJ1611,20,24639,13506,10787,10787,25,99,318,689,44.95,44.69,48.99,,False,True,4.2,221,17,400,76,600|500|400,2643,4.7,1,1,9121,64,1016174,2708,4963640,2026-03-08
B089VNGSG5,"Nike Women's Hoodie (Black, Large)",Nike,B0CL5H6S5W,"Clothing, Shoes & Jewelry > Women > Clothing > Active > Active Hoodies",Apparel,Large,Black,CJ1789,80,9517,9791,6604,6604,41,194,473,657,38.99,42.85,38.99,,False,True,3.2,46,13,100,81,100|200|100,6033,4.5,1,1,7948,577,10126732,7767,4961220,2026-03-08
B089VPYCKT,Nike Men's Hoodie Black/White nkCJ1611 010 (XX-Large),Nike,B0GFGTDH8M,"Clothing, Shoes & Jewelry > Men > Clothing > Active > Active Hoodies",Apparel,XX-Large,Black,CJ1611,20,24639,13533,11066,11066,22,84,239,470,46.99,52.97,46.99,46.99,False,True,6.0,113,10,50,92,50|100|50,519,4.8,1,1,7016,64,261726,4198,4963640,2026-03-08
B089VTHMJH,Nike Club Fleece Pullover Hoodie CJ1611,Nike,B0GFGTDH8M,"Clothing, Shoes & Jewelry > Men > Clothing > Active > Active Hoodies",Apparel,X-Large,Black,CJ1611,20,24641,13868,11305,11305,28,102,290,567,44.5,44.13,44.5,46.99,False,True,5.0,208,18,500,76,300|400|500,959,4.7,1,1,8530,65,1044761,4037,4963640,2026-03-08
B08B43ZRPD,Nike Park III Youth Shorts Black YXS,Nike,B08JS852ZS,"Clothing, Shoes & Jewelry > Boys > Clothing > Active > Active Shorts",Apparel,X-Small,Black,BV6866,57,4476,6664,9416,9416,29,104,287,650,21.86,24.17,21.86,19.99,False,True,4.7,45,4,,0,50|100|50,1861,4.4,1,1,5557,1143,5442625,7810,5135972,2026-03-08
B08B44H3DY,Nike Park III Youth Shorts Royal Blue YXL,Nike,B08JS852ZS,"Clothing, Shoes & Jewelry > Boys > Clothing > Active > Active Shorts",Apparel,X-Large,Royal Blue,BV6866,57,4476,6676,9409,9409,70,162,373,842,28.0,26.14,28.0,31.99,False,True,10.7,29,5,,99,100|50|50,1861,4.4,1,1,6004,1143,126928,6317,4969024,2026-03-08
B08B44QBHS,"Nike Youth Park III Shorts (Gray, Small, s)",Nike,B08JS852ZS,"Clothing, Shoes & Jewelry > Boys > Clothing > Active > Active Shorts",Apparel,Small,Grey,BV6866,57,4476,6719,9474,9474,59,155,355,713,26.4,26.39,26.4,31.99,False,True,8.6,36,9,,0,50|100|50,1861,4.4,1,1,5460,1143,710154,6647,4969024,2026-03-08
B08B44SHQS,Nike Park III Youth Shorts Grey YM,Nike,B08JS852ZS,"Clothing, Shoes & Jewelry > Boys > Clothing > Active > Active Shorts",Apparel,Medium,Grey,BV6866,57,4457,6910,9503,9503,22,99,266,626,22.75,24.37,22.75,31.99,False,True,5.3,44,12,50,23,100|50|50,1861,4.4,1,1,5707,1143,619927,6940,4969024,2026-03-08
B08B45BKBD,"Nike Youth Park III Shorts (Turquoise, Large)",Nike,B08JS852ZS,"Clothing, Shoes & Jewelry > Boys > Clothing > Active > Active Shorts",Apparel,Large,Turquoise,BV6866,57,4475,6648,9381,9381,48,141,360,817,22.0,24.06,22.0,31.99,False,True,7.7,30,6,,0,50|100|50,1861,4.4,1,1,5901,1143,863484,6564,4969024,2026-03-08
B08B45HVTV,"Nike Youth Park III Shorts (Turquoise, Medium)",Nike,B08JS852ZS,"Clothing, Shoes & Jewelry > Boys > Clothing > Active > Active Shorts",Apparel,Medium,Turquoise,BV6866,57,4476,6704,9461,9461,69,166,413,890,24.61,25.03,24.61,31.99,False,True,6.0,39,9,,0,50|100|50,1861,4.4,1,1,5623,1143,2848619,6174,4969024,2026-03-08
B08B45Q4SQ,"Nike Youth Park III Shorts (Gray, X-Large)",Nike,B08JS852ZS,"Clothing, Shoes & Jewelry > Boys > Clothing > Active > Active Shorts",Apparel,X-Large,Grey,BV6866,57,4475,6652,9431,9431,65,163,385,792,27.28,28.26,27.28,31.99,False,True,5.3,29,5,50,0,50|50|50,1861,4.4,1,1,5828,1143,2822688,7606,4969024,2026-03-08
B08B46LPFS,"Nike Youth Park III Shorts (Gray, Large)",Nike,B08JS852ZS,"Clothing, Shoes & Jewelry > Boys > Clothing > Active > Active Shorts",Apparel,Large,Grey,BV6866,57,4476,6705,9425,9425,71,172,403,857,25.52,25.51,25.52,31.99,False,True,6.2,45,8,100,-45,100|50|100,1861,4.4,1,1,6368,1143,441949,7170,4969024,2026-03-08
B08CBKC4B7,Nike Park III Shorts (Small) White/Black,Nike,B08M4GQ78V,"Clothing, Shoes & Jewelry > Men > Clothing > Active > Active Shorts",Apparel,Small,White/Black,BV6857,67,3893,8078,12169,12169,24,76,220,651,25.89,24.03,,22.96,False,True,3.7,90,5,,0,200|100|50,8843,4.2,1,1,6197,530,798293,3489,4999288,2026-03-08
B08CBL66JX,Nike Park III Shorts (X-Large) White/Black,Nike,B08M4GQ78V,"Clothing, Shoes & Jewelry > Men > Clothing > Active > Active Shorts",Apparel,X-Large,White/Black,BV6857,67,3893,7949,12135,12135,70,121,270,723,23.23,22.9,23.23,23.81,False,True,9.7,49,7,,0,50|100|50,8843,4.2,1,1,6975,530,334749,4029,4999288,2026-03-08
B08CBL8YDB,Nike Park III Shorts (Medium) White/Black,Nike,B08M4GQ78V,"Clothing, Shoes & Jewelry > Men > Clothing > Active > Active Shorts",Apparel,Medium,White/Black,BV6857,67,3893,7962,12199,12199,58,107,240,798,25.98,25.22,,23.81,False,True,5.8,85,3,,99,200|100|50,8843,4.2,1,1,6044,530,594402,3319,4999288,2026-03-08
B08CBLQ7JM,Nike Park III Shorts (Large) White/Black,Nike,B08M4GQ78V,"Clothing, Shoes & Jewelry > Men > Clothing > Active > Active Shorts",Apparel,Large,White/Black,BV6857,67,3891,8093,12732,12732,29,72,182,453,28.98,25.17,,22.96,False,False,5.3,85,5,,99,200|100|100,8846,4.2,1,1,5326,544,335845,3345,4999288,2026-03-08
B08CFX53TS,Nike Park III Youth Shorts White YS,Nike,B08JS852ZS,"Clothing, Shoes & Jewelry > Girls > Clothing > Active > Active Shorts",Apparel,Small,White/Black,BV6866,57,4475,6756,9404,9404,28,95,267,495,24.0,23.96,24.0,,False,True,8.0,43,9,,99,200|100|50,1861,4.4,1,1,4561,1143,1012842,7752,5003728,2026-03-08
B08CG4MY9X,"Nike Youth Park III Shorts (White/Black, Medium)",Nike,B08JS852ZS,"Clothing, Shoes & Jewelry > Boys > Clothing > Active > Active Shorts",Apparel,Medium,White/Black,BV6866,57,4476,6697,9438,9438,26,90,289,652,28.0,29.88,28.0,,False,True,5.4,75,8,,0,300|200|100,1861,4.4,1,1,7856,1143,414939,7742,5003728,2026-03-08
B08CG4TBJF,"Nike Youth Park III Shorts (White/Black, X-Large)",Nike,B08JS852ZS,"Clothing, Shoes & Jewelry > Boys > Clothing > Active > Active Shorts",Apparel,X-Large,White/Black,BV6866,57,4475,6702,9388,9388,58,149,362,662,23.0,25.73,23.0,,False,True,9.3,50,9,,0,200|100|50,1861,4.4,1,1,6159,1143,362521,7325,5003728,2026-03-08
B08CHLBHFW,"Nike Youth Park III Shorts (Navy/White, Medium)",Nike,B08JS852ZS,"Clothing, Shoes & Jewelry > Boys > Clothing > Active > Active Shorts",Apparel,Medium,Navy/White,BV6866,57,4476,6689,9400,9400,45,141,393,830,28.98,26.07,29.99,31.99,False,True,5.5,61,9,,0,300|200|100,1861,4.4,1,1,6814,1143,172416,6926,5100096,2026-03-08
B08CHLWWFS,"Nike Youth Park III Shorts (Navy/White, X-Large)",Nike,B08JS852ZS,"Clothing, Shoes & Jewelry > Boys > Clothing > Active > Active Shorts",Apparel,X-Large,Navy/White,BV6866,57,4475,6701,9404,9404,99,206,444,890,28.98,25.3,29.99,31.99,False,True,6.3,41,4,100,-75,50|50|100,1861,4.4,1,1,6896,1143,138297,6619,5004916,2026-03-08
B08CHMJBX6,"Nike Youth Park III Shorts (Navy/White, Small)",Nike,B08JS852ZS,"Clothing, Shoes & Jewelry > Boys > Clothing > Active > Active Shorts",Apparel,Small,Navy/White,BV6866,57,4475,6677,9393,9393,91,202,477,981,24.99,25.1,25.51,31.99,False,True,4.6,49,8,50,0,200|100|50,1861,4.4,1,1,6584,1143,145190,6811,5004916,2026-03-08
B08CHN278L,"Nike Youth Park III Shorts (Navy/White, Large)",Nike,B08JS852ZS,"Clothing, Shoes & Jewelry > Boys > Clothing > Active > Active Shorts",Apparel,Large,Navy/White,BV6866,57,4476,6712,9405,9405,69,172,408,924,24.58,24.26,24.58,31.99,False,True,6.6,58,6,,99,100|200|100,1861,4.4,1,1,8238,1143,127903,7099,5004916,2026-03-08
B08CNNXWHF,"Nike Youth Park III Shorts (XL, Black/White)",Nike,B08JS852ZS,"Clothing, Shoes & Jewelry > Boys > Clothing > Active > Active Shorts",Apparel,X-Large,Black/White,BV6866,57,4457,6756,9462,9462,29,99,263,626,21.95,25.26,21.95,31.99,False,True,8.7,79,8,200,2,200|100|200,246,4.6,1,1,7338,1151,101721,7122,5007904,2026-03-08
B08CNP7NS1,"Nike Youth Park III Shorts (M, Black/White)",Nike,B08JS852ZS,"Clothing, Shoes & Jewelry > Boys > Clothing > Active > Active Shorts",Apparel,Medium,Black/White,BV6866,57,4475,6701,9432,9432,73,179,392,925,24.56,24.75,24.56,31.99,False,True,6.4,100,9,300,-8,400|200|300,1861,4.4,1,1,8834,1143,168525,7421,5007904,2026-03-08
B08CP7GRV6,"Nike Youth Park III Shorts (S, Black/White)",Nike,B08JS852ZS,"Clothing, Shoes & Jewelry > Boys > Clothing > Active > Active Shorts",Apparel,Small,Black/White,BV6866,57,4475,6686,9419,9419,59,143,328,779,23.05,22.56,23.05,,False,True,7.2,89,12,100,-10,100|50|100,1861,4.4,1,1,6889,1143,46900,6838,5007904,2026-03-08
B08CP98GGJ,"Nike Youth Park III Shorts (L, Black/White)",Nike,B08JS852ZS,"Clothing, Shoes & Jewelry > Boys > Clothing > Active > Active Shorts",Apparel,Large,Black/White,BV6866,57,4475,6709,9371,9371,67,195,449,968,23.92,25.15,23.92,31.99,False,True,6.0,99,7,500,-61,500|400|500,362,4.5,1,1,8489,1143,185040,7221,5007904,2026-03-08
B08CY81R5Y,Nike Club Fleece Hoodie (Small) Black/White,Nike,B0G4T5V458,"Clothing, Shoes & Jewelry > Men > Clothing > Active > Active Hoodies",Apparel,Small,Black,CJ1611,32,17810,12250,9789,9789,26,92,306,637,38.0,37.97,42.85,,False,True,4.6,201,21,300,79,100|200|300,3251,4.7,1,1,7721,66,73652,3657,5015138,2026-03-08
B08CY8F4K1,Nike Club Fleece Pullover Hoodie CJ1611,Nike,B0GFGTDH8M,"Clothing, Shoes & Jewelry > Men > Clothing > Active > Active Hoodies",Apparel,Medium,Black,CJ1611,20,24637,13681,11715,11715,37,109,281,601,47.04,40.07,47.93,,False,True,3.7,228,13,500,78,500|600|500,1072,4.7,1,1,9895,64,639845,2974,5015138,2026-03-08
B08D3W9S6R,Nike Team Club Fleece Hoodie - Navy Blue,Nike,B0G4T5V458,"Clothing, Shoes & Jewelry > Men > Clothing > Active > Active Hoodies",Apparel,Small,Navy,CJ1611,32,17808,12672,14746,14746,18,67,211,475,48.64,44.79,44.24,44.24,False,True,5.3,135,2,50,44,100|100|50,168,4.7,1,1,5253,64,2081680,3427,5303606,2026-03-08
B08D3XLQJF,Nike Team Club Fleece Hoodie - Navy Blue,Nike,B0GFGTDH8M,"Clothing, Shoes & Jewelry > Men > Clothing > Active > Active Hoodies",Apparel,Medium,Navy,CJ1611,20,24639,13590,11448,11448,17,74,241,508,49.0,49.0,,44.24,False,False,4.3,161,8,,99,50|50|600,2643,4.7,1,1,6476,65,167547,3278,5017848,2026-03-08
B08D3XMDFX,Nike Club Fleece Pullover Hoodie Navy Large,Nike,B0G4T5V458,"Clothing, Shoes & Jewelry > Men > Clothing > Active > Active Hoodies",Apparel,Large,Tm Navy/White,CJ1611,32,17810,12329,14578,14578,19,68,261,531,44.0,44.14,44.0,44.92,False,True,4.4,164,10,100,77,100|200|100,3251,4.7,1,1,6113,64,220694,3201,5017848,2026-03-08
B08D3Y41RF,Nike Club Fleece Pullover Hoodie With Custom Screenprint,Nike,B0G4T5V458,"Clothing, Shoes & Jewelry > Men > Clothing > Active > Active Hoodies",Apparel,X-Large,Navy,CJ1611,32,17810,12228,14710,14710,16,65,198,465,51.0,43.24,,44.24,False,True,4.9,140,10,50,73,200|100|50,254,4.7,1,1,6379,64,333108,4219,5017848,2026-03-08
B08G1YSG7V,"Nike Club Men's Training Joggers (Black, X-Large)",Nike,B08M5PTJCL,"Clothing, Shoes & Jewelry > Men > Clothing > Active > Active Pants > Track Pants",Apparel,X-Large,Black,,57,462,353,222,222,47,113,323,1146,35.45,36.12,35.45,35.45,False,True,4.5,132,30,1000,55,1000|2000|1000,8553,4.7,1,1,7425,28,492356,2661,5064884,2026-03-08
B08G1YY8H7,"Nike Club Men's Training Joggers (Black, Large)",Nike,B08M5PTJCL,"Clothing, Shoes & Jewelry > Men > Clothing > Active > Active Pants > Sweatpants",Apparel,Large,Black,MSS-DO6193326,57,462,350,220,220,56,131,346,1309,36.92,36.09,35.45,35.45,False,True,5.4,175,28,2000,60,2000|3000|2000,8553,4.7,1,1,9626,28,489161,3035,5066984,2026-03-08
B08G1ZB4ZZ,"Nike Club Men's Training Joggers (Black, Medium)",Nike,B08M5PTJCL,"Clothing, Shoes & Jewelry > Men > Clothing > Active > Active Pants > Track Pants",Apparel,Medium,Black,CJ1616,57,462,350,220,220,55,125,363,1394,49.95,41.93,,35.45,False,False,6.1,179,11,700,83,700|600|700,8549,4.7,1,1,8306,28,360385,2707,5064884,2026-03-08
B08G1ZTJN3,Nike Club Crew Sweatshirt,Nike,B08G1WN3Z7,"Clothing, Shoes & Jewelry > Men > Clothing > Active > Active Sweatshirts",Apparel,Large,Black,856359G019,72,15909,13608,9975,9975,27,156,242,451,38.0,40.65,39.98,44.24,False,True,4.3,109,11,100,66,100|200|100,3872,4.7,1,1,8956,896,567033,15779,5064054,2026-03-08
B08G8WZT5H,Nike Adult Fleece Pullover Hoodie,Nike,B0GFGTDH8M,"Clothing, Shoes & Jewelry > Men > Clothing > Active > Active Hoodies",Apparel,Medium,Dark Grey/White,CJ1611-Dark Grey Heather-M,20,24642,14133,105941,105941,20,59,134,374,,,,,False,False,5.0,173,0,,99,200|100|50,398,4.7,1,1,7248,65,512409,3848,5068548,2026-03-08
B08G8X3P92,Nike Club Fleece Pullover Hoodie CJ1611,Nike,B0CTVTCPNP,"Clothing, Shoes & Jewelry > Men > Clothing > Active > Active Hoodies",Apparel,X-Large,Dark Grey/White,CJ1611,210,47453,34878,21477,21477,15,100,322,600,34.1,36.52,34.1,59.99,False,False,5.1,156,20,50,85,200|400|50,14439,4.6,1,1,7493,65,242144,4152,5068548,2026-03-08
B08G8Y9492,"Nike Team Club Pullover Hoodie (Dark Grey/White, Large)",Nike,B0GFGTDH8M,"Clothing, Shoes & Jewelry > Men > Clothing > Active > Active Hoodies",Apparel,Large,Dark Grey/White,CJ1611,20,24637,13613,64613,64613,23,76,202,454,53.99,54.33,54.99,59.99,False,True,4.6,132,5,,99,200|100|50,2643,4.7,1,1,7651,65,572730,3999,5067708,2026-03-08
B08HN49CGB,"Nike Club Men's Training Joggers (Navy, X-Large)",Nike,B08M5PTJCL,"Clothing, Shoes & Jewelry > Men > Clothing > Active > Active Pants > Track Pants",Apparel,X-Large,Navy,,57,462,355,222,222,49,119,314,1014,39.27,39.33,,35.45,False,True,4.8,136,16,300,53,500|400|300,8543,4.7,1,1,6703,28,260071,2686,5066984,2026-03-08
B08HPD4N7D,"Nike Club Men's Training Joggers (Navy, Medium)",Nike,B08M5PTJCL,"Clothing, Shoes & Jewelry > Men > Clothing > Active > Active Pants > Sweatpants",Apparel,Medium,Navy,CJ1616,57,462,349,220,220,53,119,310,1053,40.58,37.64,40.58,,False,True,3.3,163,9,600,40,600|500|600,8549,4.7,1,1,7013,28,224658,2825,5068244,2026-03-08
B08HPT1516,"Nike Club Men's Training Joggers (Navy, Large)",Nike,B08M5PTJCL,"Clothing, Shoes & Jewelry > Men > Clothing > Active > Active Pants > Sweatpants",Apparel,Large,Navy,,57,462,349,220,220,53,125,309,1214,39.8,38.59,,,False,True,2.9,173,15,500,49,500|600|500,8553,4.7,1,1,8446,28,273957,3261,5066144,2026-03-08
B08HR63BDQ,"Nike Club Men's Training Joggers (Navy, Small)",Nike,B08M5PTJCL,"Clothing, Shoes & Jewelry > Men > Clothing > Active > Active Pants > Sweatpants",Apparel,Small,Navy,Straight,57,462,350,220,220,47,116,311,1183,35.45,36.69,35.45,35.45,False,True,3.1,134,16,300,48,300|400|300,8553,4.7,1,1,7321,28,1100779,2713,5067824,2026-03-08
B08J197RQ6,Nike Club Crew Sweatshirt,Nike,B08G1WN3Z7,"Clothing, Shoes & Jewelry > Men > Clothing > Active > Active Sweatshirts",Apparel,Medium,Black,cj1614,72,15907,13611,9965,9965,26,152,237,444,39.98,40.98,39.98,44.24,False,True,5.7,118,15,100,65,200|100|100,3872,4.7,1,1,9289,896,649805,16681,5064054,2026-03-08
B08JQK45C3,Custom Screenprint Nike Club Fleece Pullover Hoodie,Nike,B0G4T5V458,"Clothing, Shoes & Jewelry > Men > Clothing > Active > Active Hoodies",Apparel,X-Large,Royal,CJ1611,32,17808,12589,20716,20716,16,68,215,484,53.95,51.28,54.0,,False,False,4.7,86,4,,99,600|400|50,411,4.7,1,1,6358,64,474871,4139,5087918,2026-03-08
B08JQK6H5N,Custom Screenprint Nike Club Fleece Pullover Hoodie,Nike,B0CTVTCPNP,"Clothing, Shoes & Jewelry > Men > Clothing > Active > Active Hoodies",Apparel,Large,Royal,CJ1611,210,47453,34653,21456,21456,18,92,288,569,44.97,47.65,44.97,,False,True,6.7,96,8,50,86,200|100|50,14439,4.6,1,1,7395,65,184772,3995,5087918,2026-03-08
B08JQKJJC8,"Nike Club Men's Training Joggers (Anthracite, Small)",Nike,B08M5PTJCL,"Clothing, Shoes & Jewelry > Men > Clothing > Active > Active Pants > Sweatpants",Apparel,Small,Anthracite,CJ1616,57,462,348,220,220,50,120,322,1104,33.5,33.9,33.99,35.45,False,True,6.5,49,14,700,32,700|800|700,8553,4.7,1,1,6014,28,155276,2705,5067404,2026-03-08
B08JQL5L94,"Nike Club Men's Training Joggers (Anthracite, X-Large)",Nike,B08M5PTJCL,"Clothing, Shoes & Jewelry > Men > Clothing > Active > Active Pants > Track Pants",Apparel,X-Large,Anthracite,,57,462,349,220,220,54,126,311,1068,36.9,37.58,35.45,35.45,False,True,6.5,53,13,800,26,800|900|800,8549,4.7,1,1,6882,28,174031,2739,5065724,2026-03-08
B08JQLTHYF,Nike Club Fleece Pullover Hoodie CJ1611,Nike,B0GFGTDH8M,"Clothing, Shoes & Jewelry > Men > Clothing > Active > Active Hoodies",Apparel,Small,Anthracite,CJ1611,20,24639,13880,12583,12583,18,81,266,524,39.99,40.74,39.99,,False,True,7.7,108,12,50,91,100|50|50,2643,4.7,1,1,6094,64,513058,3566,5087918,2026-03-08
B08JQLZ8WW,"Nike Club Men's Training Joggers (Anthracite, Medium)",Nike,B08M5PTJCL,"Clothing, Shoes & Jewelry > Men > Clothing > Active > Active Pants > Sweatpants",Apparel,Medium,Anthracite,CJ1616,57,462,352,221,221,48,118,337,1132,37.0,36.52,37.0,35.45,False,True,6.2,62,18,1000,55,1000|2000|1000,8553,4.7,1,1,6104,28,151536,2376,5066564,2026-03-08
B08JQM7V2K,Nike Club Fleece Pullover Hoodie With Custom Screenprint,Nike,B0G4T5V458,"Clothing, Shoes & Jewelry > Men > Clothing > Active > Active Hoodies",Apparel,Medium,Anthracite/White,CJ1611,32,17809,12055,13628,13628,21,76,278,576,39.99,41.47,39.99,59.99,False,True,5.1,150,12,100,81,50|50|100,3250,4.7,1,1,6308,64,1111190,3687,5087918,2026-03-08
B08JQMMX4D,"Nike Team Club Pullover Hoodie (Royal/White, Small)",Nike,B0CTVTCPNP,"Clothing, Shoes & Jewelry > Men > Clothing > Active > Active Hoodies",Apparel,Small,Royal,BV4124-273,210,47453,34439,21327,21327,16,96,282,558,39.99,40.82,39.99,84.98,False,True,8.1,71,12,50,90,900|200|50,14439,4.6,1,1,5399,66,477028,3477,5087918,2026-03-08
B08JQMXQ8N,"Nike Club Men's Training Joggers (Anthracite, Large)",Nike,B08M5PTJCL,"Clothing, Shoes & Jewelry > Men > Clothing > Active > Active Pants > Track Pants",Apparel,Large,Anthracite,42759614496945,57,462,351,221,221,51,121,306,1086,37.12,36.32,37.12,,False,True,8.5,68,17,1000,60,1000|2000|1000,8553,4.7,1,1,6199,28,158380,2348,5065724,2026-03-08
B08JQN6LBK,Nike Club Fleece Pullover Hoodie With Custom Screenprint,Nike,B0G4T5V458,"Clothing, Shoes & Jewelry > Men > Clothing > Active > Active Hoodies",Apparel,Medium,Royal,CJ1611,32,17810,12249,14290,14290,17,76,240,494,40.99,40.73,40.99,,False,True,5.3,84,14,50,93,700|100|50,3251,4.7,1,1,6003,64,656787,4117,5087918,2026-03-08
B08JVFYQK1,"Nike Team Club Pullover Hoodie (Anthracite/White, Large)",Nike,B0GFGTDH8M,"Clothing, Shoes & Jewelry > Men > Clothing > Active > Active Hoodies",Apparel,Large,Anthracite/White,CJ1611,20,24639,13566,119948,119948,25,72,254,511,44.99,45.83,44.99,,False,False,4.3,56,10,100,79,50|50|100,2643,4.7,1,1,6350,64,576687,4742,5115744,2026-03-08
B08K3LGXSM,"Nike Club Men's Training Joggers (Dark Grey/White, XL)",Nike,B08M5PTJCL,"Clothing, Shoes & Jewelry > Men > Clothing > Active > Active Pants > Track Pants",Apparel,X-Large,Grey,,57,462,350,221,221,56,122,311,1075,35.45,35.71,35.45,35.45,False,True,6.4,150,27,500,33,500|600|500,8553,4.7,1,1,7220,28,172041,2720,5065724,2026-03-08
B08K3LRL3Z,"Nike Club Men's Training Joggers (Dark Grey/White, Large)",Nike,B08M5PTJCL,"Clothing, Shoes & Jewelry > Men > Clothing > Active > Active Pants > Sweatpants",Apparel,Large,Grey,,57,462,349,220,220,53,121,309,960,34.95,34.65,34.99,35.45,False,True,7.3,226,36,1000,47,3000|2000|1000,8553,4.7,1,1,8919,28,197107,2994,5064884,2026-03-08
B08KGNGQNY,"Nike Club Men's Training Joggers (Dark Grey/White, Medium)",Nike,B08M5PTJCL,"Clothing, Shoes & Jewelry > Men > Clothing > Active > Active Pants > Sweatpants",Apparel,Medium,Grey,,57,462,349,416,416,48,115,318,1142,32.95,32.92,32.99,44.92,False,True,4.2,173,31,1000,56,3000|2000|1000,8553,4.7,1,1,7500,28,250742,2608,5064464,2026-03-08
B08KL3J235,"Nike Men's Pullover Fleece Club Hoodie, Dark Green, Medium",Nike,B0BFQGBR5G,"Clothing, Shoes & Jewelry > Men > Clothing > Active > Active Hoodies",Apparel,Medium,Dark Green,CJ1611,68,59909,45898,26972,26972,16,83,249,519,46.94,46.41,46.94,49.98,False,True,7.6,46,5,50,88,100|50|50,8844,4.7,2,2,4688,66,1260287,2919,5225444,2026-03-08
B08KPMVBNY,"Nike Men's Hoodie Black/White nkCJ1611 010 (Red, Medium)",Nike,B0G4T5V458,"Clothing, Shoes & Jewelry > Men > Clothing > Active > Active Hoodies",Apparel,Medium,Red,CJ1611,32,17809,12639,13771,13771,19,72,273,568,43.7,43.27,43.7,,False,True,4.7,57,11,200,55,200|300|200,206,4.8,1,1,4531,64,176006,2517,5133320,2026-03-08
B08KPP4K64,"Nike Men's Hoodie (Red, X-Large)",Nike,B0G4T5V458,"Clothing, Shoes & Jewelry > Men > Clothing > Active > Active Hoodies",Apparel,X-Large,Red,CJ1611,32,17810,12186,14614,14614,14,66,265,506,47.65,43.53,47.65,,False,True,7.4,61,11,200,47,50|100|200,3250,4.7,1,1,4604,65,259381,2425,5133320,2026-03-08
B08KPPC3VS,"Nike Men's Hoodie Black/White nkCJ1611 010 (Anthracite/White, X-Large)",Nike,B0G4T5V458,"Clothing, Shoes & Jewelry > Men > Clothing > Active > Active Hoodies",Apparel,X-Large,Anthracite/White,CJ1611,32,17810,12412,13933,13933,22,74,218,464,45.0,47.28,45.0,,False,True,6.4,60,8,50,88,50|100|50,272,4.7,1,1,4415,66,425763,2350,5133352,2026-03-08
B08L47FXJ2,Nike Club Fleece Pullover Hoodie With Custom Screenprint,Nike,B0G4T5V458,"Clothing, Shoes & Jewelry > Men > Clothing > Active > Active Hoodies",Apparel,Large,Dark Maroon,CJ1611,32,17808,12222,16242,16242,21,76,215,459,57.77,57.72,57.77,,False,True,5.0,51,8,50,87,100|50|50,293,4.8,1,1,4981,65,256945,3047,5145164,2026-03-08
B08L48P41T,Nike Club Fleece Pullover Hoodie,Nike,B0G4T5V458,"Clothing, Shoes & Jewelry > Men > Clothing > Active > Active Hoodies",Apparel,Medium,Dark Maroon,CJ1611,32,17808,12147,14849,14849,17,72,256,507,51.0,49.18,53.0,,False,True,4.9,46,13,50,86,100|50|50,3251,4.7,1,1,4823,66,157837,2922,5145164,2026-03-08
B08LF2KNDF,"Nike Club Men's Training Joggers (Dark Grey/White, Small)",Nike,B08M5PTJCL,"Clothing, Shoes & Jewelry > Men > Clothing > Active > Active Pants > Sweatpants",Apparel,Small,Grey,,57,462,349,220,220,51,120,293,802,34.0,33.75,34.0,35.45,False,True,5.5,134,22,700,42,700|800|700,8553,4.7,1,1,7453,28,360209,2781,5064464,2026-03-08
B08LP2PKH2,"NIKE Sportswear Men's Pullover Club Hoodie (Small, Dark Grey)",Nike,B0G4T5V458,"Clothing, Shoes & Jewelry > Men > Clothing > Fashion Hoodies & Sweatshirts",Apparel,Small,Dark Grey/White,CJ1611,32,,,,,0,0,0,583,,,,,,,3.3,125,0,,0,50|100|50,3254,4.7,1,1,6876,64,147032,2650,5159284,2026-03-08
B08LX7SYK4,"Nike Club Men's Training Joggers (Black, Small)",Nike,B08M5PTJCL,"Clothing, Shoes & Jewelry > Men > Clothing > Active > Active Pants > Sweatpants",Apparel,Small,Black,194272729636,57,462,350,220,220,56,127,341,1310,36.9,36.78,35.45,35.45,False,True,5.6,146,22,1000,44,3000|2000|1000,8553,4.7,1,1,7625,28,174031,2612,5064044,2026-03-08
B08MLG24ZV,"Nike Club Men's Training Joggers (Black, XX-Large)",Nike,B08M5PTJCL,"Clothing, Shoes & Jewelry > Men > Clothing > Active > Active Pants > Track Pants",Apparel,XX-Large,Black,,57,462,354,222,222,47,119,332,965,38.0,41.3,38.0,35.45,False,False,3.6,89,8,100,84,400|200|100,8553,4.7,1,1,6273,28,172998,2391,5064044,2026-03-08
B08MZ6RBRD,"Nike Men's Pullover Fleece Club Hoodie, Purple, Large",Nike,B0G4T5V458,"Clothing, Shoes & Jewelry > Men > Clothing > Active > Active Hoodies",Apparel,Large,Purple,CJ1611,32,17810,12315,14649,14649,17,59,229,462,38.99,49.06,38.99,,False,True,5.4,24,6,100,63,100|50|100,3250,4.7,1,1,4398,64,481015,2883,5183788,2026-03-08
B08NRP2H1R,"Nike Club Men's Training Joggers (White, Large)",Nike,B08M5PTJCL,"Clothing, Shoes & Jewelry > Men > Clothing > Active > Active Pants > Sweatpants",Apparel,Large,White,194272729636,57,462,349,220,220,52,119,318,1101,39.56,39.89,,35.45,False,False,5.6,34,8,100,68,100|200|100,8553,4.7,1,1,7336,28,919785,2648,5197224,2026-03-08
B08NY17QXS,"Nike Men's Park VII Jersey (Navy, Medium)",Nike,B09H7GBB7N,"Clothing, Shoes & Jewelry > Men > Clothing > Active > Active Shirts & Tees > T-Shirts",Apparel,Medium,Navy,Bv6710,60,1599,1929,2503,2503,73,215,451,1084,23.9,27.99,23.9,31.29,False,True,4.0,45,11,200,22,50|100|200,3938,4.5,1,1,6012,974,690197,4686,5539476,2026-03-08
B08NY22RD4,"Nike Men's Park VII Jersey (Navy, Small)",Nike,B09H7GBB7N,"Clothing, Shoes & Jewelry > Men > Clothing > Active > Active Shirts & Tees > T-Shirts",Apparel,Small,Navy,193654329013,60,1599,1932,2503,2503,79,211,437,1038,26.35,24.49,26.35,31.29,False,True,4.9,33,9,100,12,50|50|100,3938,4.5,1,1,5369,922,953726,4253,5539480,2026-03-08
B08NY39NVG,"Nike Men's Park VII Jersey (Navy, Large)",Nike,B09H7GBB7N,"Clothing, Shoes & Jewelry > Men > Clothing > Active > Active Shirts & Tees > T-Shirts",Apparel,Large,Navy,BV6730-012,60,1599,1929,2498,2498,77,232,479,1164,27.0,25.29,27.0,31.29,False,True,5.5,39,11,400,-25,400|300|400,3936,4.5,1,1,5508,916,832304,3938,5539456,2026-03-08
B08PXNTP2X,"Nike Men's Therma Pullover Hoodie (Black/White, Medium)",Nike,B08PY4L6FG,"Clothing, Shoes & Jewelry > Men > Clothing > Active > Active Hoodies",Apparel,Medium,Black/White,CN9473,18,518182,363047,269408,269408,29,71,115,338,57.22,57.77,57.22,,False,True,6.8,61,4,,99,50|100|100,1209,4.6,1,1,9133,898,659872,22146,5225920,2026-03-08
B08QR3CRBG,Nike Team Club Fleece Hoodie - White,Nike,B0CTVTCPNP,"Clothing, Shoes & Jewelry > Men > Clothing > Active > Active Hoodies",Apparel,Medium,White,CJ1611,210,47453,34326,21219,21219,14,89,223,509,50.18,54.39,51.23,51.23,False,True,3.9,236,8,,99,300|200|50,200,4.7,1,1,6444,65,1090380,4722,5196434,2026-03-08
B08QVQGKRG,"Nike Unisex's NK Academy - Team Recreational Soccer Ball, White/Black/(Volt), 5",Nike,B08R4Q38FY,Sports & Outdoors > Sports > Team Sports > Soccer > Balls,Sports,5,white/black/(volt),CU8047-100,1,32826,29099,18891,18891,31,117,378,1213,,44.11,,,False,False,5.6,194,0,100,79,300|200|100,1638,4.5,3,5,12442,537,312859,5021,5239340,2026-03-08
B08S22J84V,Nike Unisex Beanie Cuffed (Black),Nike,B08S1TXGW3,"Clothing, Shoes & Jewelry > Men > Accessories > Hats & Caps > Skullies & Beanies",Apparel,One Size,Black,PFN258M,7,16083,9527,5747,5747,82,238,393,614,21.0,20.48,21.85,21.85,False,True,1.9,200,19,1000,80,1000|2000|1000,4943,4.6,1,1,11087,204,789810,10837,5265868,2026-03-08
B08WK22KBJ,Nike Club Fleece Pullover Hoodie With Custom Screenprint,Nike,B0GFGTDH8M,"Clothing, Shoes & Jewelry > Men > Clothing > Active > Active Hoodies",Apparel,X-Large,White,CJ1611,20,24639,13662,12423,12423,14,78,220,445,49.39,47.99,49.39,59.99,False,True,8.5,145,4,50,78,200|100|50,97,4.6,1,1,5486,65,567695,18483,5157508,2026-03-08
B08WKRZ867,Nike Club Fleece Pullover Hoodie,Nike,B0G4T5V458,"Clothing, Shoes & Jewelry > Men > Clothing > Active > Active Hoodies",Apparel,Large,White,CJ1611,32,17808,12155,18617,18617,18,72,206,438,39.99,45.2,39.99,51.23,False,True,4.5,196,8,,99,200|100|50,219,4.6,1,1,5917,64,563417,4796,5169220,2026-03-08
B08WT2NWBV,"Nike Men's Park Short Sleeve T Shirt (White, Medium)",Nike,B09H7GBB7N,"Clothing, Shoes & Jewelry > Men > Clothing > Active > Active Shirts & Tees > T-Shirts",Apparel,Medium,White,BV6710-100,60,1599,1929,2502,2502,54,189,386,674,38.0,33.6,,17.52,False,False,9.3,60,1,,0,50|100|50,3938,4.5,1,1,6405,915,1355927,3577,5539472,2026-03-08
B08WT2QX8T,"Nike Men's Park Short Sleeve T Shirt (Grey, Small)",Nike,B09H7GBB7N,"Clothing, Shoes & Jewelry > Men > Clothing > Active > Active Shirts & Tees > T-Shirts",Apparel,Small,Grey,BV6708-410,60,1599,2033,2536,2536,57,202,424,644,29.99,26.94,29.91,31.29,False,True,8.9,49,6,100,30,100|50|100,3938,4.5,1,1,5328,916,1500121,3665,5539452,2026-03-08
B08WT2YR61,"Nike Men's Park Short Sleeve T Shirt (Black, Large)",Nike,B09H7GBB7N,"Clothing, Shoes & Jewelry > Men > Clothing > Active > Active Shirts & Tees > T-Shirts",Apparel,Large,Black,BV6710,60,1599,1932,2504,2504,69,209,466,1218,26.68,26.27,26.68,29.76,False,True,6.9,103,6,700,10,700|800|700,3938,4.5,1,1,7958,905,1415543,3191,5331566,2026-03-08
B08WT87J58,"Nike Men's Park Short Sleeve T Shirt (Royal, Large)",Nike,B09H7GBB7N,"Clothing, Shoes & Jewelry > Men > Clothing > Active > Active Shirts & Tees > T-Shirts",Apparel,Large,Royal,BV6710,60,1599,1935,2501,2501,76,229,466,989,27.08,26.3,27.08,31.29,False,True,6.8,42,7,200,-32,50|100|200,3937,4.5,1,1,4974,926,2209587,3095,5331566,2026-03-08
B08WT9L8QX,"Nike Men's Park Short Sleeve T Shirt (Grey, Large)",Nike,B09H7GBB7N,"Clothing, Shoes & Jewelry > Men > Clothing > Active > Active Shirts & Tees > T-Shirts",Apparel,Large,Grey,BV6710,60,1599,1932,2501,2501,65,206,430,1042,25.99,25.39,25.99,31.29,False,True,6.1,56,7,200,48,200|300|200,3938,4.5,1,1,6239,948,1355927,3187,5539456,2026-03-08
B08WTCQ3L4,"Nike Men's Park Short Sleeve T Shirt (Royal, Medium)",Nike,B09H7GBB7N,"Clothing, Shoes & Jewelry > Men > Clothing > Active > Active Shirts & Tees > T-Shirts",Apparel,Medium,Royal,BV6708-410,60,1599,1931,2503,2503,72,208,426,982,26.94,25.37,,24.45,False,False,4.8,39,8,100,-1,100|50|100,3936,4.5,1,1,5432,915,1698486,3134,5539464,2026-03-08
B08WTCXHGH,"Nike Men's Park Short Sleeve T Shirt (White, Small)",Nike,B09H7GBB7N,"Clothing, Shoes & Jewelry > Men > Clothing > Active > Active Shirts & Tees > T-Shirts",Apparel,Small,White,BV6710-100,60,1599,1927,2512,2512,41,125,341,712,38.0,37.0,,,False,False,9.4,43,1,,0,100|50|50,3936,4.5,1,1,6003,958,1355927,3672,5539488,2026-03-08
B08WTG63BD,"Nike Men's Park Short Sleeve T Shirt (Black, Medium)",Nike,B09H7GBB7N,"Clothing, Shoes & Jewelry > Men > Clothing > Active > Active Shirts & Tees > T-Shirts",Apparel,Medium,Black,BV6710,60,1599,1927,2499,2499,71,229,487,1199,26.6,25.16,26.61,29.76,False,True,5.6,107,10,700,11,700|600|700,539,4.6,1,1,9149,915,1355927,3429,5539474,2026-03-08
B08WTHJJ66,"Nike Men's Park Short Sleeve T Shirt (White, Large)",Nike,B09H7GBB7N,"Clothing, Shoes & Jewelry > Men > Clothing > Active > Active Shirts & Tees > T-Shirts",Apparel,Large,White,BV6710-100,60,1599,1931,2499,2499,49,158,333,744,20.91,22.92,,17.52,False,False,10.1,63,3,,99,200|100|50,3938,4.5,1,1,6363,915,1355927,3372,5539472,2026-03-08
B08WTHXMG6,"Nike Men's Park Short Sleeve T Shirt (Red, Medium)",Nike,B09H7GBB7N,"Clothing, Shoes & Jewelry > Men > Clothing > Active > Active Shirts & Tees > T-Shirts",Apparel,Medium,Red,BV6710,60,1599,1941,2511,2511,50,169,351,744,25.99,25.8,25.99,31.29,False,True,6.2,54,8,200,-29,50|100|200,3938,4.5,1,1,5484,915,1355927,3428,5331566,2026-03-08
B08WTM4CNK,"Nike Men's Park Short Sleeve T Shirt (Volt, X-Large)",Nike,B09H7GBB7N,"Clothing, Shoes & Jewelry > Men > Clothing > Active > Active Shirts & Tees > T-Shirts",Apparel,X-Large,Volt,BV6710,60,1599,2040,2537,2537,57,184,415,1001,28.98,24.17,29.99,31.29,False,True,7.0,33,2,50,0,100|50|50,3937,4.5,1,1,4929,905,1367835,3161,5539464,2026-03-08
B08WTM61R4,"Nike Men's Park Short Sleeve T Shirt (Volt, Large)",Nike,B09H7GBB7N,"Clothing, Shoes & Jewelry > Men > Clothing > Active > Active Shirts & Tees > T-Shirts",Apparel,Large,Volt,BV6708-410,60,1599,2040,2537,2537,59,194,401,1062,30.98,26.71,31.0,31.29,False,True,6.5,42,2,50,19,100|50|50,3938,4.5,1,1,6596,905,1132345,3244,5539468,2026-03-08
B08WTNY5XB,"Nike Men's Park Short Sleeve T Shirt (Black, X-Large)",Nike,B09H7GBB7N,"Clothing, Shoes & Jewelry > Men > Clothing > Active > Active Shirts & Tees > T-Shirts",Apparel,X-Large,Black,BV6710,60,1599,1930,2499,2499,66,230,470,1138,25.79,26.71,25.79,29.76,False,True,4.9,78,7,400,22,400|500|400,3938,4.5,1,1,7173,916,1321620,3317,5539436,2026-03-08
B08WTPXXBW,"Nike Men's Park Short Sleeve T Shirt (Grey, Medium)",Nike,B09H7GBB7N,"Clothing, Shoes & Jewelry > Men > Clothing > Active > Active Shirts & Tees > T-Shirts",Apparel,Medium,Grey,BV6710,60,1599,2038,2533,2533,65,213,433,1106,24.94,25.29,24.94,31.29,False,True,6.2,60,9,300,1,300|200|300,3938,4.5,1,1,6016,905,1355927,3086,5331566,2026-03-08
B08WTR3FF9,"Nike Men's Park Short Sleeve T Shirt (White, X-Large)",Nike,B09H7GBB7N,"Clothing, Shoes & Jewelry > Men > Clothing > Active > Active Shirts & Tees > T-Shirts",Apparel,X-Large,White,BV6710,60,1599,1930,2506,2506,63,193,416,1043,20.0,22.79,,17.52,False,False,10.9,47,3,,99,100|50|50,3936,4.5,1,1,5865,948,1355927,3175,5539448,2026-03-08
B08WTSTJK9,"Nike Men's Park Short Sleeve T Shirt (Sky Blue, X-Large)",Nike,B09H7GBB7N,"Clothing, Shoes & Jewelry > Men > Clothing > Active > Active Shirts & Tees > T-Shirts",Apparel,X-Large,Sky Blue,BV6710,60,1599,1938,2499,2499,66,207,430,1006,33.84,26.95,,31.29,False,False,5.5,32,3,100,-45,100|50|100,3936,4.5,1,1,6316,915,1355927,3633,5539454,2026-03-08
B08WTTKSKX,"Nike Men's Park Short Sleeve T Shirt (Red, X-Large)",Nike,B09H7GBB7N,"Clothing, Shoes & Jewelry > Men > Clothing > Active > Active Shirts & Tees > T-Shirts",Apparel,X-Large,Red,BV6710,60,1599,1932,2498,2498,75,220,452,1094,22.54,24.3,22.54,31.29,False,True,12.4,38,9,100,2,100|50|100,3936,4.5,1,1,6626,915,1321620,3419,5331566,2026-03-08
B08WTTY37S,"Nike Men's Park Short Sleeve T Shirt (Red, Small)",Nike,B09H7GBB7N,"Clothing, Shoes & Jewelry > Men > Clothing > Active > Active Shirts & Tees",Apparel,Small,Red,BV6730-012,60,1599,2050,2536,2536,27,124,316,552,26.05,25.69,26.39,31.29,False,True,11.4,31,7,100,-37,100|50|100,3936,4.5,1,1,4910,948,1355927,4229,5539472,2026-03-08
B08WTXD7ZF,"Nike Men's Park Short Sleeve T Shirt (Red, Large)",Nike,B09H7GBB7N,"Clothing, Shoes & Jewelry > Men > Clothing > Active > Active Shirts & Tees > T-Shirts",Apparel,Large,Red,BV6710,60,1599,2031,2534,2534,57,202,449,1038,23.95,24.29,23.95,31.29,False,True,9.9,43,9,200,-13,50|100|200,3936,4.5,1,1,5893,916,4106092,3105,5539460,2026-03-08
B08WTYGVL5,"Nike Men's Park Short Sleeve T Shirt (Grey, X-Large)",Nike,B09H7GBB7N,"Clothing, Shoes & Jewelry > Men > Clothing > Active > Active Shirts & Tees > T-Shirts",Apparel,X-Large,Grey,BV6710,60,1599,2038,2538,2538,60,215,450,1151,26.99,25.13,26.99,31.29,False,True,7.2,57,6,200,-18,200|100|200,3938,4.5,1,1,6830,916,1355927,3161,5539448,2026-03-08
B08WTZRG59,"Nike Men's Park Short Sleeve T Shirt (Royal, X-Large)",Nike,B09H7GBB7N,"Clothing, Shoes & Jewelry > Men > Clothing > Active > Active Shirts & Tees > T-Shirts",Apparel,X-Large,Royal,BV6710,60,1599,1933,2501,2501,76,209,444,1049,27.61,24.98,,24.45,False,False,6.9,36,7,100,5,50|50|100,3937,4.5,1,1,6249,958,1355927,3393,5539490,2026-03-08
B08WV3DW85,"Nike Men's Park Short Sleeve T Shirt (Black, Small)",Nike,B09H7GBB7N,"Clothing, Shoes & Jewelry > Men > Clothing > Active > Active Shirts & Tees > T-Shirts",Apparel,Small,Black,BV6710,60,1599,1929,2503,2503,59,188,435,1104,22.99,22.72,22.99,29.76,False,True,4.9,72,15,400,14,400|300|400,3938,4.5,1,1,7733,905,1355927,3397,5539476,2026-03-08
B08YQJYDV1,"Nike Youth Park III Shorts (Royal Blue, Medium)",Nike,B08JS852ZS,"Clothing, Shoes & Jewelry > Boys > Clothing > Active > Active Shorts",Apparel,Medium,Royal Blue,BV6866,57,4476,6701,9514,9514,46,121,281,618,28.0,26.43,28.0,,False,True,7.0,56,4,50,17,100|50|50,1861,4.4,1,1,5748,1143,628163,7476,5361188,2026-03-08
B08YRC7LGQ,"Nike Youth Park III Shorts (Royal Blue, Large)",Nike,B08JS852ZS,"Clothing, Shoes & Jewelry > Boys > Clothing > Active > Active Shorts",Apparel,Large,Royal Blue,BV6866,57,4475,6631,9391,9391,65,177,426,978,28.7,26.86,28.7,31.99,False,True,7.4,41,5,50,22,100|50|50,1861,4.4,1,1,6626,1143,624078,6799,5361188,2026-03-08
B0959JT4PV,"Nike Pro Hyperwarm Hydropull Hood,OSFM(Anthracite/White)",Nike,B0C273F3SN,"Clothing, Shoes & Jewelry > Women > Accessories > Hats & Caps > Balaclavas",Apparel,One Size,Black,YIJ123,2,1389,2181,1559,1559,91,236,499,1547,20.71,22.24,20.71,,False,False,0.5,249,27,6000,31,6000|5000|6000,7497,4.7,1,1,11537,157,982094,2817,2783570,2026-03-08
B096HCR6YC,"Nike Youth Park III Shorts (Red, Large)",Nike,B08JS852ZS,"Clothing, Shoes & Jewelry > Boys > Clothing > Active > Active Shorts",Apparel,Large,Red,BV6866,57,4476,6630,9411,9411,72,185,438,899,23.68,24.65,23.68,31.99,False,True,8.8,44,6,50,0,200|100|50,1861,4.4,1,1,6796,1143,145190,7242,5446104,2026-03-08
B09B1C7S6Z,"Nike Youth Park III Shorts (Volt, Large)",Nike,B08JS852ZS,"Clothing, Shoes & Jewelry > Boys > Clothing > Active > Active Shorts",Apparel,Large,Volt,BV6866,57,4476,6681,9411,9411,70,174,402,819,24.21,24.8,24.1,31.99,False,True,9.5,32,8,,0,50|100|50,1861,4.4,1,1,5568,1143,174760,6406,5670106,2026-03-08
B09B1DG795,"Nike Youth Park III Shorts (Volt, Medium)",Nike,B08JS852ZS,"Clothing, Shoes & Jewelry > Boys > Clothing > Active > Active Shorts",Apparel,Medium,Volt,BV6866,57,4476,6718,9483,9483,67,162,394,864,24.83,24.92,24.83,31.99,False,True,7.2,23,8,,0,200|100|50,1861,4.4,1,1,4579,1143,1083512,5379,6485408,2026-03-08
B09CN9199F,"Nike Youth Park III Shorts (Royal Blue, Small)",Nike,B08JS852ZS,"Clothing, Shoes & Jewelry > Boys > Clothing > Active > Active Shorts",Apparel,Small,Royal,BV6866,57,4476,6693,9367,9367,86,195,440,909,23.01,25.76,23.99,31.99,False,True,10.7,19,5,,0,50|100|50,1858,4.4,1,1,3777,1143,15513592,7524,5446104,2026-03-08
B09Y94CJWS,Nike Youth US SS Park VII Jersey Hyper Black Medium,Nike,B0B16FNCMZ,"Clothing, Shoes & Jewelry > Sport Specific Clothing > Soccer & Futsal > Boys > Jerseys",Apparel,Medium,Black/White,BV6742,56,5846,6309,7560,7560,88,220,453,559,23.49,23.82,23.49,35.0,False,True,8.8,31,12,200,7,200|100|200,693,4.5,1,1,2282,3221,1901801,12567,5019400,2026-03-08
B0B16655W8,"Nike Youth Park VII Short Sleeve Jersey, BV6742-010 (Black/White, X-Large)",Nike,B0B16FNCMZ,"Clothing, Shoes & Jewelry > Boys > Clothing > Active > Active Shirts & Tees > T-Shirts",Apparel,X-Large,Black/White,BV6742,56,5846,6301,7565,7565,85,250,518,965,25.28,26.78,25.28,,False,True,4.8,42,10,100,31,100|50|100,693,4.5,1,1,4283,2995,3985219,8716,5975524,2026-03-08
B0B16HKH26,"Nike Youth Park VII Short Sleeve Jersey, BV6742-010 (Black/White, Small)",Nike,B0B16FNCMZ,"Clothing, Shoes & Jewelry > Boys > Clothing > Active > Active Shirts & Tees > T-Shirts",Apparel,Small,Black/White,BV6742,56,5846,6305,7570,7570,38,153,381,727,27.61,25.63,27.61,,False,True,9.4,30,5,50,29,50|100|50,693,4.5,1,1,3410,3067,3985667,9192,5975524,2026-03-08
B0B33YLDD3,"Nike Women's Pro 365 5 Inch Shorts, Black/White, Medium",Nike,B0F5WZ6CF1,"Clothing, Shoes & Jewelry > Women > Clothing > Active > Active Shorts",Apparel,Medium,Black/White,DH48901,38,10125,10348,13305,13305,34,84,154,394,30.98,28.37,30.98,32.99,False,True,4.5,59,10,800,-15,800|700|800,1134,4.7,1,1,7027,2770,344894,19487,6006104,2026-03-08
B0B4V6NKG7,"Nike Youth Park III Shorts (Volt, Small)",Nike,B08JS852ZS,"Clothing, Shoes & Jewelry > Boys > Clothing > Active > Active Shorts",Apparel,Small,Volt,BV6866,57,4476,6733,9468,9468,53,139,332,796,22.54,24.37,22.54,31.99,False,True,17.6,25,9,,0,50|100|50,1861,4.4,1,1,4812,1143,1573995,6340,6034788,2026-03-08
B0B9QVZ41G,Nike Mens PRO Training Compression Short Black Large,Nike,B08NTW774T,"Clothing, Shoes & Jewelry > Men > Clothing > Active > Active Shorts",Apparel,Large,Black,DH4762,32,12403,12899,14474,14474,9,29,66,276,31.98,30.55,,27.95,False,False,3.2,39,14,100,40,100|200|100,790,4.6,1,1,6215,5048,228725,15325,6112730,2026-03-08
B0BH39YK2D,"Nike Men's Hoodie (Purple, Medium)",Nike,,"Clothing, Shoes & Jewelry > Men > Clothing > Active > Active Hoodies",Apparel,Medium,Purple,CJ1611,0,381411,328043,234289,234289,16,71,299,952,42.95,44.01,42.95,,False,True,10.2,23,7,50,73,100|50|50,106,4.8,1,1,5395,64,643941,2186,6181452,2026-03-08
B0BNC8NGLM,"Nike Club Men's Training Joggers (Anthracite, 3X-Large)",Nike,B08M5PTJCL,"Clothing, Shoes & Jewelry > Men > Clothing > Active > Active Pants > Sweatpants",Apparel,3X-Large,Anthracite,CJ1616,57,462,347,220,220,53,119,308,1122,54.0,53.66,,35.45,False,False,14.3,14,5,,99,200|100|50,8553,4.7,1,1,4425,28,1140213,1580,6259176,2026-03-08
B0BQ3Y57RS,Nike Mens PRO Training Compression Short White S,Nike,B08NTW774T,"Clothing, Shoes & Jewelry > Men > Clothing > Active > Base Layers & Compression > Compression Shorts",Apparel,Small,White,DH4762,32,12403,12936,14483,14483,9,29,66,244,30.0,30.41,30.0,,False,True,9.2,26,9,50,36,100|50|50,790,4.6,1,1,4597,4982,164409,14960,6286608,2026-03-08
B0BTB558K4,"Nike Dri-Fit UV Solar Arm Sleeves - 1 Pair - Unisex - Adult (Black, Adult L/XL)",Nike,B0F7CFN121,"Clothing, Shoes & Jewelry > Men > Clothing > Active > Base Layers & Compression > Compression Arm Sleeves",Apparel,Adult L/XL,Black,,4,9701,10902,15616,15616,15,46,146,374,21.97,22.5,21.97,,False,True,10.2,20,7,600,-38,600|500|600,752,4.6,1,1,4578,4294,297819,45127,6351480,2026-03-08
B0BW1CN9PP,Nike Mens Pro Fitted Short Sleeve Training Tee (Large White),Nike,B0BW16KWLX,"Clothing, Shoes & Jewelry > Men > Clothing > Active > Active Shirts & Tees > T-Shirts",Apparel,Large,White,DH4800,33,14885,18807,29158,29158,16,61,128,322,29.35,31.06,29.35,,False,True,5.7,23,5,100,-8,50|50|100,627,4.6,1,1,5031,6773,595475,20572,6378944,2026-03-08
B0BYTCLTYK,"Nike Youth Park III Shorts (White, Large), White/Black",Nike,B08JS852ZS,"Clothing, Shoes & Jewelry > Boys > Clothing > Active > Active Shorts",Apparel,Large,White/Black,BV6866,57,4458,6910,9453,9453,23,88,252,605,28.0,25.66,28.0,,False,True,13.1,39,9,,0,100|200|100,1861,4.4,1,1,4371,1143,544866,5650,6420584,2026-03-08
B0BYTD1J5W,"Nike Youth Park III Shorts (Red, Medium)",Nike,B08JS852ZS,"Clothing, Shoes & Jewelry > Boys > Clothing > Active > Active Shorts",Apparel,Medium,Red,BV6866,57,4476,6669,9433,9433,29,100,279,409,23.0,25.08,23.58,31.99,False,True,18.1,30,5,50,-2,50|50|50,1861,4.4,1,1,4058,1585,1082639,8236,6420584,2026-03-08
B0BYTD28MS,"Nike Youth Park III Shorts (Red, Small)",Nike,B08JS852ZS,"Clothing, Shoes & Jewelry > Boys > Clothing > Active > Active Shorts",Apparel,Small,Red,BV6866,57,4476,6726,9458,9458,31,97,254,631,25.6,23.46,26.63,31.99,False,True,20.6,25,7,50,-2,100|50|50,1861,4.4,1,1,3785,1167,1301781,5403,6420584,2026-03-08
B0C2X1HSWQ,"Nike Mens Pro Sleeveless Fitted Training Tee (Large, Black)",Nike,B0CZ1JRCJG,"Clothing, Shoes & Jewelry > Men > Clothing > Active > Active Shirts & Tees > Tank Tops",Apparel,Large,Black,DH4796,31,56136,54498,53284,53284,5,25,64,233,27.48,25.07,28.25,,False,True,6.8,21,5,100,-100,50|50|100,306,4.4,1,1,4427,18732,885205,52782,6466824,2026-03-08
B0C34H6HD7,"Nike Men's Dri-Fit EverydayPlus Cushioned Crew Socks | Cotton (EverydayPLUS, White, Medium, 6 Pairs)",Nike,B06XYX29SX,"Clothing, Shoes & Jewelry > Men",Apparel,Medium,Everydayplus White (6 Pairs),FQ0327-010,24,7195,5350,4085,4085,42,129,382,771,27.97,25.83,,24.58,False,False,4.0,157,13,300,95,1000|200|300,13185,4.6,1,1,5406,292,1430313,5423,6469496,2026-03-08
B0C4V8HZ1C,"Nike Men's Park Short Sleeve T Shirt (Orange, Medium)",Nike,B09H7GBB7N,"Clothing, Shoes & Jewelry > Men > Clothing > Active > Active Shirts & Tees > T-Shirts",Apparel,Medium,Orange,BV6710,60,1599,2039,2538,2538,56,197,394,1062,29.99,27.81,29.99,31.29,False,True,12.9,22,2,50,-2,50|50|50,3936,4.5,1,1,4331,922,1020371,2666,6498140,2026-03-08
B0C4V9HFJV,"Nike Men's Park Short Sleeve T Shirt (Orange, Large)",Nike,B09H7GBB7N,"Clothing, Shoes & Jewelry > Men > Clothing > Active > Active Shirts & Tees > T-Shirts",Apparel,Large,Orange,BV6710,60,1599,1932,2499,2499,70,205,423,1029,,26.21,,,False,False,9.5,25,0,50,0,50|50|50,3932,4.5,1,1,4105,905,1067899,2478,6498144,2026-03-08
B0C5Z2P75V,"Nike Mens Team Legend Short Sleeve Crew T-Shirt (as1, Alpha, x_l, Regular, Regular, College Navy)",Nike,,"Clothing, Shoes & Jewelry > Men > Clothing > Active > Active Shirts & Tees > T-Shirts",Apparel,X-Large,College Navy,,0,546057,762026,774154,774154,31,76,166,588,27.94,27.98,27.94,28.99,False,True,12.7,35,5,,0,50|100|50,22,4.0,1,1,4687,2578,1282183,8896,6515820,2026-03-08
B0C6C3BK1V,Nike Hoops Elite Backpack Gray,Nike,,Sports & Outdoors > Sports > Team Sports > Basketball > Accessories > Equipment Bags,Luggage,One Size,Gray,BX9786,0,27688,27034,27362,27362,18,69,251,556,,110.99,,,False,False,7.4,54,0,,0,200|100|50,373,4.8,1,1,3508,203,242088,11206,6520052,2026-03-08
B0C7LQ3RYQ,"Nike Youth Park VII Short Sleeve Shirt (White, Small)",Nike,B0B16FNCMZ,"Clothing, Shoes & Jewelry > Boys > Clothing > Active > Active Shirts & Tees > T-Shirts",Apparel,Small,White,BV6742,56,5846,6304,7549,7549,81,211,390,762,23.95,24.44,25.99,35.0,False,True,14.4,25,7,50,-2,100|50|50,693,4.5,1,1,3479,3098,1806207,7862,6541536,2026-03-08
B0C7LQ98R1,"Nike Youth Park VII Short Sleeve Shirt (Turquoise, Large)",Nike,B0B16FNCMZ,"Clothing, Shoes & Jewelry > Boys > Clothing > Active > Active Shirts & Tees > T-Shirts",Apparel,Large,Turquoise,BV6742,56,5847,6401,7580,7580,30,109,319,756,28.18,26.42,28.18,,False,True,13.0,22,3,50,-2,50|50|50,691,4.5,1,1,3527,3098,1634806,8036,6541536,2026-03-08
B0C7LQB5KV,"Nike Youth Park VII Short Sleeve Shirt (White, Medium)",Nike,B0B16FNCMZ,"Clothing, Shoes & Jewelry > Boys > Clothing > Active > Active Shirts & Tees > T-Shirts",Apparel,Medium,White,BV6742,56,5846,6303,7543,7543,42,207,494,969,23.95,24.84,24.5,35.0,False,True,14.3,35,14,100,7,100|200|100,693,4.5,1,1,4127,3067,3550226,8317,6541536,2026-03-08
B0C7LQCSJ3,"Nike Youth Park VII Short Sleeve Shirt (Royal, Medium)",Nike,B0B16FNCMZ,"Clothing, Shoes & Jewelry > Boys > Clothing > Active > Active Shirts & Tees > T-Shirts",Apparel,Medium,Royal,BV6742,56,5846,6322,7572,7572,63,193,379,718,28.85,27.36,28.85,,False,True,12.3,18,3,50,44,50|100|50,693,4.5,1,1,3555,3058,1614651,9411,6541536,2026-03-08
B0C7LQDZ4J,"Nike Youth Park VII Short Sleeve Shirt (Royal, X-Large)",Nike,B0B16FNCMZ,"Clothing, Shoes & Jewelry > Boys > Clothing > Active > Active Shirts & Tees > T-Shirts",Apparel,X-Large,Royal,BV6742,56,5846,6299,7550,7550,96,178,367,643,29.0,26.26,29.0,,False,True,13.4,22,3,50,28,50|100|50,693,4.5,1,1,3251,3058,1732976,8961,6541536,2026-03-08
B0C7LQHFS6,"Nike Youth Park VII Short Sleeve Shirt (Gold, Large)",Nike,B0B16FNCMZ,"Clothing, Shoes & Jewelry > Boys > Clothing > Active > Active Shirts & Tees > T-Shirts",Apparel,Large,Gold,BV6742,56,5846,6304,7544,7544,61,193,416,857,29.0,28.78,29.0,,False,True,16.3,14,2,,0,50|100|50,693,4.5,1,1,3331,3067,1634806,7404,6541538,2026-03-08
B0C7LQMDW4,"Nike Youth Park VII Short Sleeve Shirt (Royal, Large)",Nike,B0B16FNCMZ,"Clothing, Shoes & Jewelry > Boys > Clothing > Active > Active Shirts & Tees > T-Shirts",Apparel,Large,Royal,BV6742,56,5846,6326,7565,7565,25,109,278,552,29.0,25.07,29.0,,False,True,17.2,26,5,100,4,100|50|100,693,4.5,1,1,2956,3098,1669646,9665,6541536,2026-03-08
B0C7LQRQ2Y,"Nike Youth Park VII Short Sleeve Shirt (Grey, Medium)",Nike,B0B16FNCMZ,"Clothing, Shoes & Jewelry > Boys > Clothing > Active > Active Shirts & Tees > T-Shirts",Apparel,Medium,Grey,BV6742,56,5846,6676,7658,7658,21,90,284,588,25.99,25.67,25.99,,False,True,19.9,17,4,,99,50|100|50,691,4.5,1,1,3244,3107,1614651,9982,6541536,2026-03-08
B0C7LR3B8X,"Nike Youth Park VII Short Sleeve Shirt (Navy, X-Large)",Nike,B0B16FNCMZ,"Clothing, Shoes & Jewelry > Boys > Clothing > Active > Active Shirts & Tees > T-Shirts",Apparel,X-Large,Navy,BV6742,56,5846,6299,7565,7565,77,215,422,817,25.5,25.6,25.5,,False,True,8.8,26,11,50,28,50|100|50,693,4.5,1,1,3272,3058,1614651,7818,6541536,2026-03-08
B0C7LR52SX,"Nike Youth Park VII Short Sleeve Shirt (Grey, X-Large)",Nike,B0B16FNCMZ,"Clothing, Shoes & Jewelry > Boys > Clothing > Active > Active Shirts & Tees > T-Shirts",Apparel,X-Large,Grey,BV6742,56,5846,6297,7538,7538,79,164,372,694,25.9,23.57,25.9,35.0,False,False,13.1,27,5,100,-12,100|50|100,693,4.5,1,1,3291,3093,1678415,8380,6541536,2026-03-08
B0C7LR9LG6,"Nike Youth Park VII Short Sleeve Shirt (White, X-Large)",Nike,B0B16FNCMZ,"Clothing, Shoes & Jewelry > Boys > Clothing > Active > Active Shirts & Tees > T-Shirts",Apparel,X-Large,White,BV6742,56,5846,6292,7569,7569,81,166,371,749,24.5,25.1,24.5,,False,True,16.3,36,7,100,40,100|200|100,693,4.5,1,1,3552,3067,1760268,8606,6541536,2026-03-08
B0C7LRB8HS,"Nike Youth Park VII Short Sleeve Shirt (Volt, Medium)",Nike,B0B16FNCMZ,"Clothing, Shoes & Jewelry > Boys > Clothing > Active > Active Shirts & Tees > T-Shirts",Apparel,Medium,Volt,BV6742,56,5846,6309,7573,7573,69,190,406,822,22.0,22.03,22.0,35.0,False,True,24.9,17,7,,99,100|50|50,693,4.5,1,1,3299,3067,1745262,7799,6541536,2026-03-08
B0C7LRZ627,"Nike Youth Park VII Short Sleeve Shirt (Valor Blue, Medium)",Nike,B0B16FNCMZ,"Clothing, Shoes & Jewelry > Boys > Clothing > Active > Active Shirts & Tees > T-Shirts",Apparel,Medium,Valor Blue,BV6742,56,5846,6302,7553,7553,77,203,400,766,22.0,22.0,22.0,,False,True,18.1,19,8,50,17,100|50|50,688,4.5,1,1,3169,3067,1614651,7778,6541536,2026-03-08
B0C7LS352Q,"Nike Youth Park VII Short Sleeve Shirt (Navy, Large)",Nike,B0B16FNCMZ,"Clothing, Shoes & Jewelry > Boys > Clothing > Active > Active Shirts & Tees > T-Shirts",Apparel,Large,Navy,BV6742,56,5846,6571,7651,7651,65,172,419,843,25.99,25.9,25.99,,False,True,10.1,28,8,100,-45,100|50|100,693,4.5,1,1,3708,3079,332290,8011,6541536,2026-03-08
B0C7LS8GRR,"Nike Youth Park VII Short Sleeve Shirt (Navy, Medium)",Nike,B0B16FNCMZ,"Clothing, Shoes & Jewelry > Boys > Clothing > Active > Active Shirts & Tees > T-Shirts",Apparel,Medium,Navy,BV6742,56,5846,6405,7589,7589,65,196,395,716,22.95,24.85,22.95,,False,True,13.0,21,8,50,21,50|100|50,693,4.5,1,1,3712,3118,332290,9354,6541536,2026-03-08
B0C7LS8W3V,"Nike Youth Park VII Short Sleeve Shirt (White, Large)",Nike,B0B16FNCMZ,"Clothing, Shoes & Jewelry > Boys > Clothing > Active > Active Shirts & Tees > T-Shirts",Apparel,Large,White,BV6742,56,5846,6306,7566,7566,81,177,408,857,24.5,24.49,25.95,35.0,False,True,14.2,44,11,200,6,200|100|200,693,4.5,1,1,4253,3093,3550226,8806,6541536,2026-03-08
B0C7LSGV7L,"Nike Youth Park VII Short Sleeve Shirt (Grey, Large)",Nike,B0B16FNCMZ,"Clothing, Shoes & Jewelry > Boys > Clothing > Active > Active Shirts & Tees > T-Shirts",Apparel,Large,Grey,BV6742,56,5846,6308,7554,7554,74,152,322,634,24.79,26.03,24.79,,False,True,12.1,26,6,50,36,100|50|50,693,4.5,1,1,3313,3093,1634806,8843,6541536,2026-03-08
B0C7LSHR5Z,"Nike Youth Park VII Short Sleeve Shirt (Valor Blue, Large)",Nike,B0B16FNCMZ,"Clothing, Shoes & Jewelry > Boys > Clothing > Active > Active Shirts & Tees > T-Shirts",Apparel,Large,Valor Blue,BV6742,56,5848,6371,7590,7590,34,112,337,693,24.95,25.3,25.99,,False,True,10.3,22,6,50,15,50|100|50,693,4.5,1,1,3206,3067,1614651,8317,6541536,2026-03-08
B0C7LSJ8TY,"Nike Youth Park VII Short Sleeve Shirt (Black/White, Large)",Nike,B0B16FNCMZ,"Clothing, Shoes & Jewelry > Boys > Clothing > Active > Active Shirts & Tees > T-Shirts",Apparel,Large,Black/White,BV6742,56,5846,6391,7582,7582,49,223,488,957,22.88,23.38,22.88,35.0,False,True,12.0,45,9,400,-4,400|300|400,693,4.5,1,1,5008,3067,1614651,9558,6541536,2026-03-08
B0CGY1MCPL,"Nike Men's Team Legend Long Sleeve Tee Shirt (Large, White)",Nike,B0CGY4GVKG,"Clothing, Shoes & Jewelry > Men > Clothing > Active > Active Shirts & Tees > T-Shirts",Apparel,Large,White,,115,13544,8980,8100,8100,42,164,418,950,39.92,39.0,39.92,,False,True,9.1,34,3,50,69,50|100|50,1169,4.5,1,1,4380,1952,1629858,7198,6659782,2026-03-08
B0CGY5B4LH,"Nike Men's Team Legend Long Sleeve Tee Shirt (X-Large, Black)",Nike,B0CGY4GVKG,"Clothing, Shoes & Jewelry > Men > Clothing > Active > Active Shirts & Tees",Apparel,X-Large,Black-010,091202932022,115,13545,8979,8082,8082,23,95,263,677,20.5,21.77,28.0,31.99,False,True,5.7,27,4,100,38,300|200|100,1169,4.5,1,1,3484,1952,1629858,6912,6659782,2026-03-08
B0CGY634NR,"Nike Men's Team Legend Long Sleeve Tee Shirt (Large, Grey)",Nike,B0CGY4GVKG,"Clothing, Shoes & Jewelry > Men > Clothing > Active > Active Shirts & Tees > T-Shirts",Apparel,Large,Grey,091202932947,115,13545,8989,8077,8077,37,141,360,826,39.99,32.15,,31.99,False,False,12.5,23,3,50,65,100|50|50,1169,4.5,1,1,3623,1952,1501043,7207,6659782,2026-03-08
B0CGY63CG4,"Nike Men's Team Legend Long Sleeve Tee Shirt (Large, Black)",Nike,B0CGY4GVKG,"Clothing, Shoes & Jewelry > Men > Clothing > Active > Active Shirts & Tees > T-Shirts",Apparel,Large,Black,727980-419,115,13544,8986,8063,8063,46,171,461,1109,25.99,26.07,25.99,,False,True,4.1,43,6,300,43,300|400|300,1169,4.5,1,1,4994,1952,1591060,7198,6659782,2026-03-08
B0CGYSJSNN,"Nike Men's Team Legend Long Sleeve Tee Shirt (Medium, Black)",Nike,B0CGY4GVKG,"Clothing, Shoes & Jewelry > Men > Clothing > Active > Active Shirts & Tees > T-Shirts",Apparel,Medium,Black,,115,13544,9003,8111,8111,46,164,461,1071,29.99,28.19,29.99,31.99,False,True,6.1,34,5,200,55,200|300|200,1169,4.5,1,1,5234,1952,1611037,7346,6659782,2026-03-08
B0D1H6G7RM,"Nike Mens Dri-FIT Short Sleeve Polo Shirt (X-Large, White)",Nike,B07GKWB3V2,"Clothing, Shoes & Jewelry > Men > Clothing > Shirts > Polos",Apparel,X-Large,White,CI4470,102,2325,3339,5447,5447,78,245,498,941,38.95,38.94,40.0,43.99,False,True,14.6,18,6,100,-30,100|50|100,7249,4.6,1,1,3071,919,1617972,3270,6983744,2026-03-08
B0DBLQGGWV,Nike Unisex-Adult Academy - Fa24 Football Balls White/Blackened Blue/Hyper CRI 68-70,Nike,B0F3P9XRFV,Sports & Outdoors > Sports > Team Sports > Soccer > Balls,Sports,5,White/Blackened Blue/Hyper Crimson,FZ2966,3,20465,24296,16912,16912,27,130,405,878,58.52,59.36,58.52,,False,True,22.4,38,3,,99,200|100|50,528,4.7,2,8,3999,640,2835648,4376,7152960,2026-03-08
B0DBZFRNDL,"Nike Football Academy - Fa24, White/Blackened Blue/Hyper Crimson, FZ2966-100, 4",Nike,B0F3P9XRFV,Sports & Outdoors > Sports > Team Sports > Soccer > Balls,Sports,4,White/Blackened Blue/Hyper Crimson,FZ2966-100,3,20463,24013,16828,16828,28,134,416,710,49.95,44.22,,41.99,False,False,24.6,33,2,50,81,200|100|50,528,4.7,1,1,3042,641,2834931,18356,7176000,2026-03-08
B0DGX1DJ15,"Nike Mens Therma Fit Pants (US, Alpha, Large, Regular, Regular, Navy)",Nike,B0DGWZ4BVS,"Clothing, Shoes & Jewelry > Men > Clothing > Active > Active Pants > Sweatpants",Apparel,Large,Navy,CN9483,22,16918,13301,15607,15607,37,145,196,299,45.0,45.78,45.0,,False,True,25.6,13,10,100,55,200|100|100,325,4.4,1,1,2283,2812,227654,41147,7205930,2026-03-08
B0DP7P3T6D,"Nike Elite Backpack Black/Anthracite/Metallic Silver One Size, Black/Anthracite/Metallic Silv, One Size",Nike,B0FHJHV4HN,Sports & Outdoors > Sports > Team Sports > Basketball > Accessories > Equipment Bags,Luggage,One Size,Black/Silver/Anthracite,HM9965,15,27608,27846,27581,27581,21,79,265,731,155.0,147.8,,,False,False,17.5,31,1,,99,100|50|50,389,4.8,1,1,2394,203,54032,1410,7316044,2026-03-08
